date,symbol,eps,revenue_ttm,accumulateddepreciationamortizationppe,beta,book_value,capitalexpenditures,capitalleaseobligations,cashandcashequivalentsatcarryingvalue,cashandshortterminvestments,cashflowfromfinancing,cashflowfrominvestment,changeincashandcashequivalents,changeinexchangerate,changeininventory,changeinoperatingassets,changeinoperatingliabilities,changeinreceivables,commonstock,commonstocksharesoutstanding,comprehensiveincomenetoftax,costofgoodsandservicessold,costofrevenue,currentaccountspayable,currentdebt,currentlongtermdebt,currentnetreceivables,deferredrevenue,depreciation,depreciationandamortization,depreciationdepletionandamortization,dividendpayout,dividendpayoutcommonstock,dividendpayoutpreferredstock,earnings_growth_yoy,earnings_surprise,ebit,ebitda,estimated_eps,fiscaldateending,goodwill,gross_profit_ttm,grossprofit,incomebeforetax,incometaxexpense,intangibleassets,intangibleassetsexcludinggoodwill,interestanddebtexpense,interestexpense,interestincome,inventory,investmentincomenet,investments,longtermdebt,longtermdebtnoncurrent,longterminvestments,netincome,netincomefromcontinuingoperations,netinterestincome,noninterestincome,operating_margin_ttm,operatingcashflow,operatingexpenses,operatingincome,othercurrentassets,othercurrentliabilities,othernoncurrentassets,othernoncurrentliabilities,othernonoperatingincome,paymentsforoperatingactivities,paymentsforrepurchaseofcommonstock,paymentsforrepurchaseofequity,paymentsforrepurchaseofpreferredstock,price_to_book,proceedsfromissuanceofcommonstock,proceedsfromissuanceoflongtermdebtandcapitalsecuritiesnet,proceedsfromissuanceofpreferredstock,proceedsfromoperatingactivities,proceedsfromrepaymentsofshorttermdebt,proceedsfromrepurchaseofequity,proceedsfromsaleoftreasurystock,profit_margin,profitloss,propertyplantequipment,report_date,report_type,reported_eps,reportedcurrency,reporttime,researchanddevelopment,retainedearnings,return_on_assets_ttm,return_on_equity_ttm,revenue_growth_yoy,revenue_per_share_ttm,sellinggeneralandadministrative,shortlongtermdebttotal,shorttermdebt,shortterminvestments,sma_200,sma_50,surprise_pct,totalassets,totalcurrentassets,totalcurrentliabilities,totalliabilities,totalnoncurrentassets,totalnoncurrentliabilities,totalrevenue,totalshareholderequity,treasurystock,week_52_high,week_52_low
2019-09-30,PHVS,,,,,,,,,,,,,,,,,,,,,,,,,,,,,,,,,,,-0.7999,,,0.0,,,,,,,,,,,,,,,,,,,,,,,,,,,,,,,,,,,,,,,,,,,,,,2019-12-31,,-0.7999,,pre-market,,,,,,,,,,,,,,,,,,,,,,,,
2020-12-31,PHVS,,,,,,,,,,,,,,,,,,,,,,,,,,,,,,,,,,,-1.26,,,-1.39,,,,,,,,,,,,,,,,,,,,,,,,,,,,,,,,,,,,,,,,,,,,,,2021-02-09,,-2.65,,post-market,,,,,,,,,,,,,-90.6475,,,,,,,,,,,
2021-03-31,PHVS,,,,,,,,,,,,,,,,,,,,,,,,,,,,,,,,,,,-0.99,,,-1.19,,,,,,,,,,,,,,,,,,,,,,,,,,,,,,,,,,,,,,,,,,,,,,2021-04-29,,-2.18,,post-market,,,,,,,,,,,,,-83.1933,,,,,,,,,,,
2021-06-30,PHVS,,,,,,,,,,,,,,,,,,,,,,,,,,,,,,,,,,,-0.55,,,-0.39,,,,,,,,,,,,,,,,,,,,,,,,,,,,,,,,,,,,,,,,,,,,,,2021-07-30,,-0.94,,pre-market,,,,,,,,,,,,,-141.0256,,,,,,,,,,,
2021-09-30,PHVS,,,,,,,,,,,,,,,,,,,,,,,,,,,,,,,,,,,0.03,,,-0.42,,,,,,,,,,,,,,,,,,,,,,,,,,,,,,,,,,,,,,,,,,,,,,2021-11-10,,-0.39,,pre-market,,,,,,,,,,,,,7.1429,,,,,,,,,,,
2021-12-31,PHVS,,,,,,,,,,,,,,,,,,,,,,,,,,,,,,,,,,,0.62,,,-0.71,,,,,,,,,,,,,,,,,,,,,,,,,,,,,,,,,,,,,,,,,,,,,,2022-03-29,,-0.09,,pre-market,,,,,,,,,,,,,87.3239,,,,,,,,,,,
2022-03-31,PHVS,,,,,,,,,,,,,,,,,,,,,,,,,,,,,,,,,,,0.01,,,-0.49,,,,,,,,,,,,,,,,,,,,,,,,,,,,,,,,,,,,,,,,,,,,,,2022-05-11,,-0.48,,pre-market,,,,,,,,,,,,,2.0408,,,,,,,,,,,
2022-06-30,PHVS,,,,,,,,,,,,,,,,,,,,,,,,,,,,,,,,,,,0.19,,,-0.57,,,,,,,,,,,,,,,,,,,,,,,,,,,,,,,,,,,,,,,,,,,,,,2022-09-12,,-0.38,,pre-market,,,,,,,,,,,,,33.3333,,,,,,,,,,,
2022-09-30,PHVS,,,,,,,,,,,,,,,,,,,,,,,,,,,,,,,,,,,0.38,,,-0.63,,,,,,,,,,,,,,,,,,,,,,,,,,,,,,,,,,,,,,,,,,,,,,2022-12-08,,-0.25,,pre-market,,,,,,,,,,,,,60.3175,,,,,,,,,,,
2022-12-31,PHVS,,,,,,,,,,,,,,,,,,,,,,,,,,,,,,,,,,,-0.55,,,-0.7,,,,,,,,,,,,,,,,,,,,,,,,,,,,,,,,,,,,,,,,,,,,,,2022-12-31,,-1.25,,pre-market,,,,,,,,,,,,,-78.5714,,,,,,,,,,,
2023-03-31,PHVS,,,,,,,,,,,,,,,,,,,,,,,,,,,,,,,,,,,-0.52,,,-0.65,,,,,,,,,,,,,,,,,,,,,,,,,,,,,,,,,,,,,,,,,,,,,,2023-04-05,,-1.17,,pre-market,,,,,,,,,,,,,-80.0,,,,,,,,,,,
2023-06-30,PHVS,,,,,,,,,,,,,,,,,,,,,,,,,,,,,,,,,,,0.02,,,-0.65,,,,,,,,,,,,,,,,,,,,,,,,,,,,,,,,,,,,,,,,,,,,,,2023-08-07,,-0.63,,pre-market,,,,,,,,,,,,,3.0769,,,,,,,,,,,
2023-09-30,PHVS,,,,,,,,,,,,,,,,,,,,,,,,,,,,,,,,,,,0.02,,,-0.6,,,,,,,,,,,,,,,,,,,,,,,,,,,,,,,,,,,,,,,,,,,,,,2023-11-02,,-0.58,,pre-market,,,,,,,,,,,,,3.3333,,,,,,,,,,,
2023-12-31,PHVS,,,,,,,,,,,,,,,,,,,,,,,,,,,,,,,,,,,-0.24,,,-0.58,,,,,,,,,,,,,,,,,,,,,,,,,,,,,,,,,,,,,,,,,,,,,,2024-03-06,,-0.82,,pre-market,,,,,,,,,,,,,-41.3793,,,,,,,,,,,
2024-03-31,PHVS,,,,,,,,,,,,,,,,,,,,,,,,,,,,,,,,,,,0.04,,,-0.56,,,,,,,,,,,,,,,,,,,,,,,,,,,,,,,,,,,,,,,,,,,,,,2024-05-08,,-0.52,,post-market,,,,,,,,,,,,,7.1429,,,,,,,,,,,
2024-06-30,PHVS,,,,,,,,,,,,,,,,,,,,,,,,,,,,,,,,,,,-0.02,,,-0.58,,,,,,,,,,,,,,,,,,,,,,,,,,,,,,,,,,,,,,,,,,,,,,2024-08-05,,-0.6,,pre-market,,,,,,,,,,,,,-3.4483,,,,,,,,,,,
2024-09-30,PHVS,,,,,,,,,,,,,,,,,,,,,,,,,,,,,,,,,,,-0.1779,,,-0.5921,,,,,,,,,,,,,,,,,,,,,,,,,,,,,,,,,,,,,,,,,,,,,,2024-11-13,,-0.77,,pre-market,,,,,,,,,,,,,-30.0456,,,,,,,,,,,
2024-12-31,PHVS,,,,,,,,,,,,,,,,,,,,,,,,,,,,,,,,,,,0.0865,,,-0.7265,,,,,,,,,,,,,,,,,,,,,,,,,,,,,,,,,,,,,,,,,,,,,,2024-12-31,,-0.64,,pre-market,,,,,,,,,,,,,11.9064,,,,,,,,,,,
2025-03-31,PHVS,,,,,,,,,,,,,,,,,,,,,,,,,,,,,,,,,,,0.0815,,,-0.7215,,,,,,,,,,,,,,,,,,,,,,,,,,,,,,,,,,,,,,,,,,,,,,2025-04-07,,-0.64,,pre-market,,,,,,,,,,,,,11.2959,,,,,,,,,,,
2025-06-30,PHVS,,,,,,,,,,,,,,,,,,,,,,,,,,,,,,,,,,,-0.0614,,,-0.7686,,,,,,,,,,,,,,,,,,,,,,,,,,,,,,,,,,,,,,,,,,,,,,2025-08-12,,-0.83,,pre-market,,,,,,,,,,,,,-7.9886,,,,,,,,,,,
2025-09-30,PHVS,,,,,,,,,,,,,,,,,,,,,,,,,,,,,,,,,,,0.0755,,,-0.6755,,,,,,,,,,,,,,,,,,,,,,,,,,,,,,,,,,,,,,,,,,,,,,2025-11-12,,-0.6,,pre-market,,,,,,,,,,,,,11.1769,,,,,,,,,,,
2025-12-28,PHVS,-3.42,0.0,,-2.8,5.66,,,,,,,,,,,,,,,,,,,,,,,,,,,,,0.0,0.0755,,,-0.6755,,,0.0,,,,,,,,,,,,,,,,,,,0.0,,,,,,,,,,,,,4.544,,,,,,,,0.0,,,2025-11-12,,-0.6,,pre-market,,,-0.321,-0.538,0.0,0.0,,,,,20.38,24.18,11.1769,,,,,,,,,,29.8,11.51
2025-12-28,PHVS,-3.42,0.0,,-2.8,5.66,,,,,,,,,,,,,,,None,None,None,,,,,,None,105152,,,,,0.0,0.0755,-37318504,-37213352,-0.6755,2025-09-30,,0.0,None,-37318504,-181469,,,None,None,2151385,,None,,,,,-37137035,-37137035,2101351,None,0.0,,39664499,-39664499,,,,,None,,,,,4.544,,,,,,,,0.0,,,2025-11-12,quarterly,-0.6,EUR,pre-market,29814908,,-0.321,-0.538,0.0,0.0,9849591,,,,20.38,24.18,11.1769,,,,,,,0,,,29.8,11.51
2025-12-28,PHVS,-3.42,0.0,,-2.8,5.66,,,,,,,,,,,,,,,None,None,None,,,,,,None,103032,,,,,0.0,0.0755,-40373097,-40270065,-0.6755,2025-06-30,,0.0,None,-45277904,202782,,,None,None,1000543,,None,,,,,-45480686,-45480686,962412,None,0.0,,40373097,-40373097,,,,,None,,,,,4.544,,,,,,,,0.0,,,2025-11-12,quarterly,-0.6,EUR,pre-market,29607908,,-0.321,-0.538,0.0,0.0,10765189,,,,20.38,24.18,11.1769,,,,,,,0,,,29.8,11.51
2025-12-28,PHVS,-3.42,0.0,,-2.8,5.66,,,,,,,,,,,,,,,None,97024,97024,,,,,,None,105301,,,,,0.0,0.0755,-42186311,-42081010,-0.6755,2025-03-31,,0.0,-97024,-46038156,302667,,,None,None,1196649,,None,,,,,-46340823,-46340823,1170693,None,0.0,,-42186311,42186311,,,,,None,,,,,4.544,,,,,,,,0.0,,,2025-11-12,quarterly,-0.6,EUR,pre-market,30914393,,-0.321,-0.538,0.0,0.0,11271918,,,,20.38,24.18,11.1769,,,,,,,0,,,29.8,11.51
2025-12-28,PHVS,-3.42,0.0,,-2.8,5.66,,,,,,,,,,,,,,,None,None,None,,,,,,None,None,,,,,0.0,0.0755,None,None,-0.6755,2024-12-31,,0.0,None,-33521747,None,,,None,None,None,,None,,,,,-34760940,-34760940,1294685,None,0.0,,45092034,-45092034,,,,,None,,,,,4.544,,,,,,,,0.0,,,2025-11-12,quarterly,-0.6,EUR,pre-market,31199929,,-0.321,-0.538,0.0,0.0,13892105,,,,20.38,24.18,11.1769,,,,,,,0,,,29.8,11.51
2025-12-28,PHVS,-3.42,0.0,,-2.8,5.66,,,,,,,,,,,,,,,None,None,None,,,,,,None,43572,,,,,0.0,0.0755,-37902273,-37858701,-0.6755,2024-09-30,,0.0,None,-41480667,230091,,,None,9135,1976199,,None,,,,,-41710758,-41710758,1967064,None,0.0,,37902273,-37902273,,,,,None,,,,,4.544,,,,,,,,0.0,,,2025-11-12,quarterly,-0.6,EUR,pre-market,25782650,,-0.321,-0.538,0.0,0.0,12119623,,,,20.38,24.18,11.1769,,,,,,,0,,,29.8,11.51
2025-12-28,PHVS,-3.42,0.0,,-2.8,5.66,,,,,,,,,,,,,,,None,69024,69024,,,,,,None,68677,,,,,0.0,0.0755,-34382001,-34313324,-0.6755,2024-06-30,,0.0,-69024,-29660450,70623,,,None,2596221,2114635,,None,,,,,-29731073,-29731073,4721551,None,0.0,,34382001,-34382001,,,,,None,,,,,4.544,,,,,,,,0.0,,,2025-11-12,quarterly,-0.6,EUR,pre-market,23067934,,-0.321,-0.538,0.0,0.0,11314067,,,,20.38,24.18,11.1769,,,,,,,0,,,29.8,11.51
2025-12-28,PHVS,-3.42,0.0,,-2.8,5.66,,,,,,,,,,,,,,,None,71004,71004,,,,,,None,66355,,,,,0.0,0.0755,-28311859,-28245504,-0.6755,2024-03-31,,0.0,-71004,-27733639,285117,,,None,5859.96,63921,,None,,,,,-28018756,-28018756,578220,None,0.0,,28311859,-28311859,,,,,None,,,,,4.544,,,,,,,,0.0,,,2025-11-12,quarterly,-0.6,EUR,pre-market,18513016,,-0.321,-0.538,0.0,0.0,9798843,,,,20.38,24.18,11.1769,,,,,,,0,,,29.8,11.51
2025-12-28,PHVS,-3.42,0.0,,-2.8,5.66,,,,,,,,,,,,,,,None,None,None,,,,,,None,None,,,,,0.0,0.0755,None,None,-0.6755,2023-12-31,,0.0,None,-31999953,None,,,None,None,None,,None,,,,,-32747650,-32747650,57103,None,0.0,,27180962,-27180962,,,,,None,,,,,4.544,,,,,,,,0.0,,,2025-11-12,quarterly,-0.6,EUR,pre-market,18612882,,-0.321,-0.538,0.0,0.0,8568080,,,,20.38,24.18,11.1769,,,,,,,0,,,29.8,11.51
2025-12-28,PHVS,-3.42,0.0,,-2.8,5.66,,,,,,,,,,,,,,,None,69908,69908,,,,,,None,67933,,,,,0.0,0.0755,-26201266,-26133333,-0.6755,2023-09-30,,0.0,-69908,-23452323,146273,,,None,4973.57,66576,,None,,,,,-23598596,-23598596,61743,None,0.0,,26201266,-26201266,,,,,None,,,,,4.544,,,,,,,,0.0,,,2025-11-12,quarterly,-0.6,EUR,pre-market,18535782,,-0.321,-0.538,0.0,0.0,7665484,,,,20.38,24.18,11.1769,,,,,,,0,,,29.8,11.51
2025-12-28,PHVS,-3.42,0.0,,-2.8,5.66,,,,,,,,,,,,,,,None,67176,67176,,,,,,None,67176,,,,,0.0,0.0755,-23712395,-23645219,-0.6755,2023-06-30,,0.0,-67176,-23729856,102497,,,None,17456,545143,,None,,,,,-23832354,733076,550457,None,0.0,,24371919,-24439096,,,,,None,,,,,4.544,,,,,,,,0.0,,,2025-11-12,quarterly,-0.6,EUR,pre-market,15978952,,-0.321,-0.538,0.0,0.0,441834,,,,20.38,24.18,11.1769,,,,,,,0,,,29.8,11.51
2025-12-28,PHVS,-3.42,0.0,,-2.8,5.66,,,,,,,,,,,,,,,None,66381,66381,,,,,,None,66381,,,,,0.0,0.0755,-24210925,-24144544,-0.6755,2023-03-31,,0.0,-66381,-24216626,65081,,,None,5701.62,106527,,None,,,,,-24281707,-22630949,101213,None,0.0,,22546984,-22613365,,,,,None,,,,,4.544,,,,,,,,0.0,,,2025-11-12,quarterly,-0.6,EUR,pre-market,14746984,,-0.321,-0.538,0.0,0.0,7331596,,,,20.38,24.18,11.1769,,,,,,,0,,,29.8,11.51
2025-12-28,PHVS,-3.42,0.0,,-2.8,5.66,,,,,,,,,,,,,,,None,None,None,,,,,,None,46174,,,,,0.0,0.0755,-23589148,-23542974,-0.6755,2022-12-31,,0.0,None,-38893456,303199,,,None,88275,None,,None,,,,,-39196655,-39196655,65804,None,0.0,,23566677,-23589148,,,,,None,,,,,4.544,,,,,,,,0.0,,,2025-11-12,quarterly,-0.6,EUR,pre-market,16050603,,-0.321,-0.538,0.0,0.0,7516074,,,,20.38,24.18,11.1769,,,,,,,0,,,29.8,11.51
2025-12-28,PHVS,-3.42,0.0,,-2.8,5.66,,,,,,,,,,,,,,,None,38831,38831,,,,,,None,38831,,,,,0.0,0.0755,-10938737,-10899906,-0.6755,2022-09-30,,0.0,-38831,-10964950,-2420088,,,None,26218,None,,None,,,,,-8544861,-8487804,-26043,None,0.0,,22498326,-22537157,,,,,None,,,,,4.544,,,,,,,,0.0,,,2025-11-12,quarterly,-0.6,EUR,pre-market,14183554,,-0.321,-0.538,0.0,0.0,8297822,,,,20.38,24.18,11.1769,,,,,,,0,,,29.8,11.51
2025-12-28,PHVS,-3.42,0.0,,-2.8,5.66,,,,,,,,,,,,,,,None,37616,37616,,,,,,None,37616,,,,,0.0,0.0755,-10479211,-10441595,-0.6755,2022-06-30,,0.0,-37616,-10514815,2917234,,,None,33457,None,,None,,,,,-13432049,-12621068,-34007,None,0.0,,22718065,-22755681,,,,,None,,,,,4.544,,,,,,,,0.0,,,2025-11-12,quarterly,-0.6,EUR,pre-market,14603337,,-0.321,-0.538,0.0,0.0,7660133,,,,20.38,24.18,11.1769,,,,,,,0,,,29.8,11.51
2025-12-28,PHVS,-3.42,0.0,,-2.8,5.66,,,,,,,,,,,,,,,None,33303,33303,,,,,,None,32850,,,,,0.0,0.0755,-19379494,-19346644,-0.6755,2022-03-31,,0.0,-33303,-15988315,38715,,,None,45060,None,,None,,,,,-16027030,-16027030,None,None,0.0,,19379494,-19379494,,,,,None,,,,,4.544,,,,,,,,0.0,,,2025-11-12,quarterly,-0.6,EUR,pre-market,13514488,,-0.321,-0.538,0.0,0.0,5865006,,,,20.38,24.18,11.1769,,,,,,,0,,,29.8,11.51
2025-12-28,PHVS,-3.42,0.0,,-2.8,5.66,,,,,,,,,,,,,,,None,None,None,,,,,,None,4664,,,,,0.0,0.0755,-16239903,-16235239,-0.6755,2021-12-31,,0.0,None,-12360838,-19627,,,None,None,None,,None,,,,,-12341211,-12341211,None,None,0.0,,16239903,-16239903,,,,,None,,,,,4.544,,,,,,,,0.0,,,2025-11-12,quarterly,-0.6,EUR,pre-market,10700943,,-0.321,-0.538,0.0,0.0,5263908,,,,20.38,24.18,11.1769,,,,,,,0,,,29.8,11.51
2025-12-28,PHVS,-3.42,0.0,,-2.8,5.66,,,,,,,,,,,,,,,None,None,None,,,,,,None,28955,,,,,0.0,0.0755,-13330255,-13301300,-0.6755,2021-09-30,,0.0,None,-9075729,68190,,,None,69812,None,,None,,,,,-9143919,-9143919,None,None,0.0,,13330255,-13330255,,,,,None,,,,,4.544,,,,,,,,0.0,,,2025-11-12,quarterly,-0.6,EUR,pre-market,8956174,,-0.321,-0.538,0.0,0.0,4374081,,,,20.38,24.18,11.1769,,,,,,,0,,,29.8,11.51
2025-12-28,PHVS,-3.42,0.0,,-2.8,5.66,,,,,,,,,,,,,,,None,None,None,,,,,,None,11987,,,,,0.0,0.0755,-15130256,-15118269,-0.6755,2021-06-30,,0.0,None,-15199808,2965,,,None,69552,None,,None,,,,,-15202773,-15202773,None,None,0.0,,12725325,-12725325,,,,,None,,,,,4.544,,,,,,,,0.0,,,2025-11-12,quarterly,-0.6,EUR,pre-market,8060599,,-0.321,-0.538,0.0,0.0,4664726,,,,20.38,24.18,11.1769,,,,,,,0,,,29.8,11.51
2025-12-28,PHVS,-3.42,0.0,,-2.8,5.66,,,,,,,,,,,,,,,None,None,None,,,,,,None,3061,,,,,0.0,0.0755,-11843144,-11840083,-0.6755,2021-03-31,,0.0,None,-6024288,18589,,,None,None,None,,None,,,,,-6042877,-6042877,None,None,0.0,,11843144,-11843144,,,,,None,,,,,4.544,,,,,,,,0.0,,,2025-11-12,quarterly,-0.6,EUR,pre-market,8071451,,-0.321,-0.538,0.0,0.0,3771693,,,,20.38,24.18,11.1769,,,,,,,0,,,29.8,11.51
2025-12-28,PHVS,-3.42,0.0,,-2.8,5.66,,,,,,,,,,,,,,,None,None,None,,,,,,None,2583,,,,,0.0,0.0755,-9944208,-9941625,-0.6755,2020-12-31,,0.0,None,-10647159,-83251,,,None,None,None,,None,,,,,-10563908,-10563908,None,None,0.0,,9761398,-10647159,,,,,None,,,,,4.544,,,,,,,,0.0,,,2025-11-12,quarterly,-0.6,EUR,pre-market,7710115,,-0.321,-0.538,0.0,0.0,2051283,,,,20.38,24.18,11.1769,,,,,,,0,,,29.8,11.51
2025-12-28,PHVS,-3.42,0.0,,-2.8,5.66,,,,,,,,,,,,,,,None,None,None,,,,,,None,2155,,,,,0.0,0.0755,-6273499,-6271344,-0.6755,2020-09-30,,0.0,None,-6399837,126338,,,None,None,None,,None,,,,,-6399837,-6399837,None,None,0.0,,6273499,-6273499,,,,,None,,,,,4.544,,,,,,,,0.0,,,2025-11-12,quarterly,-0.6,EUR,pre-market,5062742,,-0.321,-0.538,0.0,0.0,1210757,,,,20.38,24.18,11.1769,,,,,,,0,,,29.8,11.51
2025-12-28,PHVS,-3.42,0.0,,-2.8,5.66,,,,,,,,,,,,,,,None,None,None,,,,,,None,1558,,,,,0.0,0.0755,-5725733,-5724175,-0.6755,2020-06-30,,0.0,None,-5745424,19691,,,None,None,None,,None,,,,,-5745424,-5745424,None,None,0.0,,5725733,-5725733,,,,,None,,,,,4.544,,,,,,,,0.0,,,2025-11-12,quarterly,-0.6,EUR,pre-market,4331843,,-0.321,-0.538,0.0,0.0,1393890,,,,20.38,24.18,11.1769,,,,,,,0,,,29.8,11.51
2025-12-28,PHVS,-3.42,0.0,,-2.8,5.66,,,,,,,,,,,,,,,None,None,None,,,,,,None,1105,,,,,0.0,0.0755,-3245962,-3244857,-0.6755,2020-03-31,,0.0,None,-3276535,30573,,,None,None,None,,None,,,,,-3276535,-3276535,None,None,0.0,,3245962,-3245962,,,,,None,,,,,4.544,,,,,,,,0.0,,,2025-11-12,quarterly,-0.6,EUR,pre-market,2403401,,-0.321,-0.538,0.0,0.0,842561,,,,20.38,24.18,11.1769,,,,,,,0,,,29.8,11.51
2025-12-28,PHVS,-3.42,0.0,,-2.8,5.66,,,,,,,,,,,,,,,None,489.36,489.36,,,,,,None,489.36,,,,,0.0,0.0755,-3828927.36,-3828438,-0.6755,2019-12-31,,0.0,-489.36,-3828929,12954,,,None,None,None,,None,,,,,-3828929,-3458386,None,None,0.0,,3814098,-3814587,,,,,None,,,,,4.544,,,,,,,,0.0,,,2025-11-12,quarterly,-0.6,EUR,pre-market,2800724,,-0.321,-0.538,0.0,0.0,915747,,,,20.38,24.18,11.1769,,,,,,,0,,,29.8,11.51
2025-12-28,PHVS,-3.42,0.0,,-2.8,5.66,,,,,,,,,,,,,,,None,None,None,,,,,,None,-4220.25,,,,,0.0,0.0755,-2002570.25,-2006790.50,-0.6755,2019-09-30,,0.0,None,-2006790.50,4220.25,,,None,None,None,,None,,,,,-2011010.75,None,None,None,0.0,,-2002570.25,-2002570.25,,,,,None,,,,,4.544,,,,,,,,0.0,,,2025-11-12,quarterly,-0.6,USD,pre-market,1421140,,-0.321,-0.538,0.0,0.0,581429,,,,20.38,24.18,11.1769,,,,,,,None,,,29.8,11.51
2025-12-28,PHVS,-3.42,0.0,,-2.8,5.66,,,,,,,,,,,,,,,None,None,None,,,,,,None,-4220.25,,,,,0.0,0.0755,-2002570.25,-2006790.50,-0.6755,2019-06-30,,0.0,None,-2006790.50,4220.25,,,None,None,None,,None,,,,,-2011010.75,None,None,None,0.0,,-2002570.25,-2002570.25,,,,,None,,,,,4.544,,,,,,,,0.0,,,2025-11-12,quarterly,-0.6,USD,pre-market,1421140,,-0.321,-0.538,0.0,0.0,581429,,,,20.38,24.18,11.1769,,,,,,,None,,,29.8,11.51
2025-12-28,PHVS,-3.42,0.0,,-2.8,5.66,,,,,,,,,,,,,,,None,None,None,,,,,,None,-4220.25,,,,,0.0,0.0755,-2002570.25,-2006790.50,-0.6755,2019-03-31,,0.0,None,-2006790.50,4220.25,,,None,None,None,,None,,,,,-2011010.75,None,None,None,0.0,,-2002570.25,-2002570.25,,,,,None,,,,,4.544,,,,,,,,0.0,,,2025-11-12,quarterly,-0.6,USD,pre-market,1421140,,-0.321,-0.538,0.0,0.0,581429,,,,20.38,24.18,11.1769,,,,,,,None,,,29.8,11.51
2025-12-28,PHVS,-3.42,0.0,,-2.8,5.66,,,,,,,,,,,,,,,None,None,None,,,,,,None,-95,,,,,0.0,0.0755,-1078383.50,-1078478.50,-0.6755,2018-12-31,,0.0,None,-1078478.50,95,,,None,None,None,,None,,,,,-1078573.50,None,None,None,0.0,,-1078383.50,-1078383.50,,,,,None,,,,,4.544,,,,,,,,0.0,,,2025-11-12,quarterly,-0.6,USD,pre-market,911353,,-0.321,-0.538,0.0,0.0,167030,,,,20.38,24.18,11.1769,,,,,,,None,,,29.8,11.51
2025-12-28,PHVS,-3.42,0.0,,-2.8,5.66,,,,,,,,,,,,,,,None,None,None,,,,,,None,-95,,,,,0.0,0.0755,-1078383.50,-1078478.50,-0.6755,2018-09-30,,0.0,None,-1078478.50,95,,,None,None,None,,None,,,,,-1078573.50,None,None,None,0.0,,-1078383.50,-1078383.50,,,,,None,,,,,4.544,,,,,,,,0.0,,,2025-11-12,quarterly,-0.6,USD,pre-market,911353,,-0.321,-0.538,0.0,0.0,167030,,,,20.38,24.18,11.1769,,,,,,,None,,,29.8,11.51
2025-12-28,PHVS,-3.42,0.0,,-2.8,5.66,,,,,,,,,,,,,,,None,None,None,,,,,,None,-95,,,,,0.0,0.0755,-1078383.50,-1078478.50,-0.6755,2018-06-30,,0.0,None,-1078478.50,95,,,None,None,None,,None,,,,,-1078573.50,None,None,None,0.0,,-1078383.50,-1078383.50,,,,,None,,,,,4.544,,,,,,,,0.0,,,2025-11-12,quarterly,-0.6,USD,pre-market,911353,,-0.321,-0.538,0.0,0.0,167030,,,,20.38,24.18,11.1769,,,,,,,None,,,29.8,11.51
2025-12-28,PHVS,-3.42,0.0,,-2.8,5.66,,,,,,,,,,,,,,,None,None,None,,,,,,None,-95,,,,,0.0,0.0755,-1078383.50,-1078478.50,-0.6755,2018-03-31,,0.0,None,-1078478.50,95,,,None,None,None,,None,,,,,-1078573.50,None,None,None,0.0,,-1078383.50,-1078383.50,,,,,None,,,,,4.544,,,,,,,,0.0,,,2025-11-12,quarterly,-0.6,USD,pre-market,911353,,-0.321,-0.538,0.0,0.0,167030,,,,20.38,24.18,11.1769,,,,,,,None,,,29.8,11.51
2025-12-28,PHVS,-3.42,0.0,,-2.8,5.66,,,,,,,,,,,,,,,None,None,None,,,,,,None,95000,,,,,0.0,0.0755,-145688000,-145593000,-0.6755,2024-12-31,,0.0,None,-132396000,1825024,,,None,None,None,,None,,,,,-134221000,-134221527,5422550,None,0.0,,145688167,-145688167,,,,,None,,,,,4.544,,,,,,,,0.0,,,2025-11-12,annual,-0.6,EUR,pre-market,98563529,,-0.321,-0.538,0.0,0.0,46724638,,,,20.38,24.18,11.1769,,,,,,,0,,,29.8,11.51
2025-12-28,PHVS,-3.42,0.0,,-2.8,5.66,,,,,,,,,,,,,,,None,252271,252271,,,,,,None,257551,,,,,0.0,0.0755,-96913620,-96656069,-0.6755,2023-12-31,,0.0,-252271,-99826263,1048805,,,None,20055,None,,None,,,,,-100875068,-107324073,212720,None,0.0,,96913620,-96913620,,,,,None,,,,,4.544,,,,,,,,0.0,,,2025-11-12,annual,-0.6,EUR,pre-market,65575030,,-0.321,-0.538,0.0,0.0,31338590,,,,20.38,24.18,11.1769,,,,,,,0,,,29.8,11.51
2025-12-28,PHVS,-3.42,0.0,,-2.8,5.66,,,,,,,,,,,,,,,None,150186,150186,,,,,,None,152941,,,,,0.0,0.0755,-86714608,-86561667,-0.6755,2022-12-31,,0.0,-150186,-75653470,679087,,,None,16105,None,,None,,,,,-76332557,-76332557,-39254,None,0.0,,86714608,-86714608,,,,,None,,,,,4.544,,,,,,,,0.0,,,2025-11-12,annual,-0.6,EUR,pre-market,57375574,,-0.321,-0.538,0.0,0.0,29039034,,,,20.38,24.18,11.1769,,,,,,,0,,,29.8,11.51
2025-12-28,PHVS,-3.42,0.0,,-2.8,5.66,,,,,,,,,,,,,,,None,80456,80456,,,,,,None,77370,,,,,0.0,0.0755,-54138626,-54061256,-0.6755,2021-12-31,,0.0,-80456,-42660662,70117,,,None,278181,None,,None,,,,,-42730779,-42730779,-282505,None,0.0,,54138626,-54138626,,,,,None,,,,,4.544,,,,,,,,0.0,,,2025-11-12,annual,-0.6,EUR,pre-market,35789166,,-0.321,-0.538,0.0,0.0,18349460,,,,20.38,24.18,11.1769,,,,,,,0,,,29.8,11.51
2025-12-28,PHVS,-3.42,0.0,,-2.8,5.66,,,,,,,,,,,,,,,None,8436.95,8436.95,,,,,,None,8436.95,,,,,0.0,0.0755,-29717944.95,-29709508,-0.6755,2020-12-31,,0.0,-8436.95,-29717941,-94904,,,None,92470,None,,None,,,,,-29623037,-25985704,-98678,None,0.0,,28498438,-28506875,,,,,None,,,,,4.544,,,,,,,,0.0,,,2025-11-12,annual,-0.6,EUR,pre-market,22238736,,-0.321,-0.538,0.0,0.0,5498491,,,,20.38,24.18,11.1769,,,,,,,0,,,29.8,11.51
2025-12-28,PHVS,-3.42,0.0,,-2.8,5.66,,,,,,,,,,,,,,,None,614.47,614.47,,,,,,None,614.47,,,,,0.0,0.0755,-8984385.47,-8983771,-0.6755,2019-12-31,,0.0,-614.47,-8984390,16881,,,None,4377,None,,None,,,,,-8984390,-8027162,None,None,0.0,,8964881,-8965496,,,,,None,,,,,4.544,,,,,,,,0.0,,,2025-11-12,annual,-0.6,EUR,pre-market,6362438,,-0.321,-0.538,0.0,0.0,2325719,,,,20.38,24.18,11.1769,,,,,,,0,,,29.8,11.51
2025-12-28,PHVS,-3.42,0.0,,-2.8,5.66,,,,,,,,,,,,,,,None,None,None,,,,,,None,-380,,,,,0.0,0.0755,-4313534,-4313914,-0.6755,2018-12-31,,0.0,None,-4313914,380,,,None,0,None,,None,,,,,-4314294,-4313914,0,None,0.0,,4313534,-4313534,,,,,None,,,,,4.544,,,,,,,,0.0,,,2025-11-12,annual,-0.6,EUR,pre-market,3645413,,-0.321,-0.538,0.0,0.0,668121,,,,20.38,24.18,11.1769,,,,,,,0,,,29.8,11.51
2025-12-28,PHVS,-3.42,0.0,None,-2.8,5.66,,578657,329285629,329285629,,,,,,,,,7795134,62255988,None,None,None,2548047,None,None,2937149,None,None,-380,,,,,0.0,0.0755,-4313534,-4313914,-0.6755,2025-09-30,None,0.0,None,-4313914,380,None,None,None,0,None,None,None,None,None,None,None,-4314294,-4313914,0,None,0.0,,4313534,-4313534,4964146,22679349,None,None,None,,,,,4.544,,,,,,,,0.0,,None,2025-11-12,quarterly,-0.6,EUR,pre-market,3645413,-532376121,-0.321,-0.538,0.0,0.0,668121,578657,137617,None,20.38,24.18,11.1769,338896201,337186924,26214521,26655561,1709277,441040,0,312240640,None,29.8,11.51
2025-12-28,PHVS,-3.42,0.0,None,-2.8,5.66,,634150,199571685,199571685,,,,,,,,,6568445,54688182,None,None,None,4859249,None,None,2597208,None,None,-380,,,,,0.0,0.0755,-4313534,-4313914,-0.6755,2025-06-30,None,0.0,None,-4313914,380,None,None,None,0,None,None,None,None,None,None,None,-4314294,-4313914,0,None,0.0,,4313534,-4313534,6004953,19400357,None,None,None,,,,,4.544,,,,,,,,0.0,,None,2025-11-12,quarterly,-0.6,EUR,pre-market,3645413,-494944426,-0.321,-0.538,0.0,0.0,668121,634150,161544,None,20.38,24.18,11.1769,209810326,208173846,25001828,25474434,1636480,472606,0,184335892,None,29.8,11.51
2025-12-28,PHVS,-3.42,0.0,None,-2.8,5.66,,740978,236495937,236495937,,,,,,,,,6539177,54519000,None,None,None,4225946,None,None,2643284,None,None,-380,,,,,0.0,0.0755,-4313534,-4313914,-0.6755,2025-03-31,None,0.0,None,-4313914,380,None,None,None,0,None,None,None,None,None,None,None,-4314294,-4313914,0,None,0.0,,4313534,-4313534,7041689,17164137,None,None,None,,,,,4.544,,,,,,,,0.0,,None,2025-11-12,quarterly,-0.6,EUR,pre-market,3645413,-448705050,-0.321,-0.538,0.0,0.0,668121,740978,194599,None,20.38,24.18,11.1769,248064041,246180910,22178719,22725098,1883131,546379,0,225338943,None,29.8,11.51
2025-12-28,PHVS,-3.42,0.0,None,-2.8,5.66,,861470,280728037,280728037,,,,,,,,,None,54379491,None,None,None,4562900,None,None,None,None,None,-380,,,,,0.0,0.0755,-4313534,-4313914,-0.6755,2024-12-31,None,0.0,None,-4313914,380,None,None,None,0,None,None,None,None,None,None,None,-4314294,-4313914,0,None,0.0,,4313534,-4313534,None,None,None,None,None,,,,,4.544,,,,,,,,0.0,,None,2025-11-12,quarterly,-0.6,EUR,pre-market,3645413,-402255007,-0.321,-0.538,0.0,0.0,668121,None,None,None,20.38,24.18,11.1769,291374765,289419576,22974981,23614024,1955189,639043,0,267760741,None,29.8,11.51
2025-12-28,PHVS,-3.42,0.0,None,-2.8,5.66,,116939,305193115,305193115,,,,,,,,,6507973,54070000,None,None,None,4195854,None,None,2730165,None,None,-380,,,,,0.0,0.0755,-4313534,-4313914,-0.6755,2024-09-30,None,0.0,None,-4313914,380,None,None,None,0,None,None,None,None,None,None,None,-4314294,-4313914,0,None,0.0,,4313534,-4313534,4353384,12075642,None,None,None,,,,,4.544,,,,,,,,0.0,,None,2025-11-12,quarterly,-0.6,EUR,pre-market,3645413,-366750138,-0.321,-0.538,0.0,0.0,668121,116939,99439,None,20.38,24.18,11.1769,313175462,312276664,16370935,16388435,898798,17500,0,296787027,None,29.8,11.51
2025-12-28,PHVS,-3.42,0.0,None,-2.8,5.66,,140378,343574386,343574386,,,,,,,,,6480925,53939597,None,None,None,2968446,None,None,1610893,None,None,-380,,,,,0.0,0.0755,-4313534,-4313914,-0.6755,2024-06-30,None,0.0,None,-4313914,380,None,None,None,0,None,2,None,None,None,None,None,-4314294,-4313914,0,None,0.0,,4313534,-4313534,5921334,15857612,None,None,None,,,,,4.544,,,,,,,,0.0,,None,2025-11-12,quarterly,-0.6,EUR,pre-market,3645413,-324767645,-0.321,-0.538,0.0,0.0,668121,140378,96628,202079,20.38,24.18,11.1769,351845766,351106613,19033291,19077041,739153,43750,0,332768725,None,29.8,11.51
2025-12-28,PHVS,-3.42,0.0,None,-2.8,5.66,,190461,368342168,368342168,,,,,,,,,6458005,53816707,None,None,None,5558487,None,None,842599,None,None,-380,,,,,0.0,0.0755,-4313534,-4313914,-0.6755,2024-03-31,None,0.0,None,-4313914,380,None,None,None,0,None,7322312,None,None,None,None,None,-4314294,-4313914,0,None,0.0,,4313534,-4313534,7593379,12149527,None,None,None,,,,,4.544,,,,,,,,0.0,,None,2025-11-12,quarterly,-0.6,EUR,pre-market,3645413,-294017604,-0.321,-0.538,0.0,0.0,668121,190461,120461,None,20.38,24.18,11.1769,377595207,376778146,18356547,18426547,817061,70000,0,359168660,None,29.8,11.51
2025-12-28,PHVS,-3.42,0.0,None,-2.8,5.66,,238905,391231637,391231637,,,,,,,,,None,52290212,None,None,None,2909725,None,None,None,None,None,-380,,,,,0.0,0.0755,-4313534,-4313914,-0.6755,2023-12-31,None,0.0,None,-4313914,380,None,None,None,0,None,None,None,None,None,None,None,-4314294,-4313914,0,None,0.0,,4313534,-4313534,620815,None,None,None,None,,,,,4.544,,,,,,,,0.0,,None,2025-11-12,quarterly,-0.6,EUR,pre-market,3645413,-265918628,-0.321,-0.538,0.0,0.0,668121,None,None,None,20.38,24.18,11.1769,398694465,397851365,14602498,14646062,843100,43564,0,384048403,None,29.8,11.51
2025-12-28,PHVS,-3.42,0.0,None,-2.8,5.66,,291348,158358730,158358730,,,,,,,,,4918041,40909957,None,None,None,3605346,None,None,329999,None,None,-380,,,,,0.0,0.0755,-4313534,-4313914,-0.6755,2023-09-30,None,0.0,None,-4313914,380,None,None,None,0,None,8992217,None,None,None,None,None,-4314294,-4313914,0,None,0.0,,4313534,-4313534,9852089,11485255,None,None,None,,,,,4.544,,,,,,,,0.0,,495957,2025-11-12,quarterly,-0.6,EUR,pre-market,3645413,-232612994,-0.321,-0.538,0.0,0.0,668121,291348,195341,None,20.38,24.18,11.1769,169339425,168540818,16114842,16210849,798607,96007,0,153128576,None,29.8,11.51
2025-12-28,PHVS,-3.42,0.0,None,-2.8,5.66,,338428,179188759,179188759,,,,,,,,,4898751,34556017,None,None,None,4648105,None,None,334299,None,None,-380,,,,,0.0,0.0755,-4313534,-4313914,-0.6755,2023-06-30,None,0.0,None,-4313914,380,None,None,None,0,None,8533998,None,None,None,None,None,-4314294,-4313914,0,None,0.0,,4313534,-4313534,948475,10240917,None,None,None,,,,,4.544,,,,,,,,0.0,,None,2025-11-12,quarterly,-0.6,EUR,pre-market,3645413,-208863367,-0.321,-0.538,0.0,0.0,668121,338428,228120,None,20.38,24.18,11.1769,189743422,189005531,15902547,16012855,737891,110308,0,173730567,None,29.8,11.51
2025-12-28,PHVS,-3.42,0.0,None,-2.8,5.66,,386518,135181223,135181223,,,,,,,,,4059724,33823924,None,None,None,7406237,None,None,394082,None,None,-380,,,,,0.0,0.0755,-4313534,-4313914,-0.6755,2023-03-31,None,0.0,None,-4313914,380,None,None,None,0,None,10858680,None,None,None,None,None,-4314294,-4313914,0,None,0.0,,4313534,-4313534,695718,9883925,None,None,None,,,,,4.544,,,,,,,,0.0,,None,2025-11-12,quarterly,-0.6,EUR,pre-market,3645413,-186852641,-0.321,-0.538,0.0,0.0,668121,386518,228120,None,20.38,24.18,11.1769,147800641,147129703,18494584,18652982,670938,158398,0,129147659,None,29.8,11.51
2025-12-28,PHVS,-3.42,0.0,None,-2.8,5.66,,436822,161837429,161837429,,,,,,,,,4057976,33585976,None,None,None,5979168,None,None,382468,None,None,-380,,,,,0.0,0.0755,-4313534,-4313914,-0.6755,2022-12-31,None,0.0,None,-4313914,380,None,None,None,0,None,4044255,None,None,None,None,None,-4314294,-4313914,0,None,0.0,,4313534,-4313534,582589,12057963,None,None,None,,,,,4.544,,,,,,,,0.0,,626439,2025-11-12,quarterly,-0.6,EUR,pre-market,3645413,-164188892,-0.321,-0.538,0.0,0.0,668121,436822,187404,None,20.38,24.18,11.1769,167732983,166846741,18224535,18473953,886242,249418,0,149259030,None,29.8,11.51
2025-12-28,PHVS,-3.42,0.0,None,-2.8,5.66,,198821,197729000,197729000,,,,,,,,,4054529,33785026,None,None,None,6366190,None,None,518,None,None,-380,,,,,0.0,0.0755,-4313534,-4313914,-0.6755,2022-09-30,None,0.0,None,-4313914,380,None,None,None,0,None,3597987,None,None,None,None,None,-4314294,-4313914,0,None,0.0,,4313534,-4313534,4874482,11245777,None,None,None,,,,,4.544,,,,,,,,0.0,,377948,2025-11-12,quarterly,-0.6,EUR,pre-market,3645413,-124913000,-0.321,-0.538,0.0,0.0,668121,198821,112287,None,20.38,24.18,11.1769,202982000,202604000,17724253,17811000,378000,86746,0,185171000,None,29.8,11.51
2025-12-28,PHVS,-3.42,0.0,None,-2.8,5.66,,212865,201383000,201383000,,,,,,,,,4051916,33582171,None,None,None,3681792,None,None,7920,None,None,-380,,,,,0.0,0.0755,-4313534,-4313914,-0.6755,2022-06-30,None,0.0,None,-4313914,380,None,None,None,0,None,3991672,None,None,None,None,None,-4314294,-4313914,0,None,0.0,,4313534,-4313534,4999080,12274682,None,None,None,,,,,4.544,,,,,,,,0.0,,352560,2025-11-12,quarterly,-0.6,EUR,pre-market,3645413,-116237000,-0.321,-0.538,0.0,0.0,668121,212865,110772,None,20.38,24.18,11.1769,206742000,206390000,16067246,16169000,352000,101754,0,190573000,None,29.8,11.51
2025-12-28,PHVS,-3.42,0.0,None,-2.8,5.66,,224339,194774000,194774000,,,,,,,,,3978286,33135821,None,None,None,2854098,None,None,6641,None,None,-380,,,,,0.0,0.0755,-4313534,-4313914,-0.6755,2022-03-31,None,0.0,None,-4313914,380,None,None,None,0,None,4760906,None,None,None,None,None,-4314294,-4313914,0,None,0.0,,4313534,-4313534,6001359,7163909,None,None,None,,,,,4.544,,,,,,,,0.0,,349686,2025-11-12,quarterly,-0.6,EUR,pre-market,3645413,-103595000,-0.321,-0.538,0.0,0.0,668121,224339,101832,None,20.38,24.18,11.1769,201132000,200782000,10119839,10243000,350000,123161,0,190889000,None,29.8,11.51
2025-12-28,PHVS,-3.42,0.0,None,-2.8,5.66,,250184,209353000,209353000,,,,,,,,,3978227,33135821,None,None,None,2125511,None,None,8451,None,None,-380,,,,,0.0,0.0755,-4313534,-4313914,-0.6755,2021-12-31,None,0.0,None,-4313914,380,None,None,None,0,None,1507753,None,None,None,None,None,-4314294,-4313914,0,None,0.0,,4313534,-4313534,2204549,4761300,None,-1,None,,,,,4.544,,,,,,,,0.0,,351350,2025-11-12,quarterly,-0.6,EUR,pre-market,3645413,-87568401,-0.321,-0.538,0.0,0.0,668121,250184,99432,None,20.38,24.18,11.1769,212090000,211566000,6986243,7137000,524000,150757,0,204953000,None,29.8,11.51
2025-12-28,PHVS,-3.42,0.0,None,-2.8,5.66,,274345,218595778,218595778,,,,,,,,,3975432,33128593,None,None,None,3372341,None,None,632367,None,None,-380,,,,,0.0,0.0755,-4313534,-4313914,-0.6755,2021-09-30,None,0.0,None,-4313914,380,None,None,None,0,None,3379862,None,None,None,None,None,-4314294,-4313914,0,None,0.0,,4313534,-4313534,5712,3646681,None,None,None,,,,,4.544,,,,,,,,0.0,,351350,2025-11-12,quarterly,-0.6,EUR,pre-market,3645413,-75078406,-0.321,-0.538,0.0,0.0,668121,274345,102879,None,20.38,24.18,11.1769,223091235,222613719,7493157,7664623,477516,171466,0,215426612,None,29.8,11.51
2025-12-28,PHVS,-3.42,0.0,None,-2.8,5.66,,285918,224317740,224317740,,,,,,,,,3975432,33126351,None,None,None,2898423,None,None,712765,None,None,-380,,,,,0.0,0.0755,-4313534,-4313914,-0.6755,2021-06-30,None,0.0,None,-4313914,380,None,None,None,0,None,4225841,None,None,None,None,None,-4314294,-4313914,0,None,0.0,,4313534,-4313534,5627,3964652,None,None,None,,,,,4.544,,,,,,,,0.0,,360802,2025-11-12,quarterly,-0.6,EUR,pre-market,3645413,-65937407,-0.321,-0.538,0.0,0.0,668121,285918,96633,None,20.38,24.18,11.1769,229725349,229261973,7307658,7496943,463376,189285,0,222228406,None,29.8,11.51
2025-12-28,PHVS,-3.42,0.0,None,-2.8,5.66,,None,238323000,238323000,,,,,,,,,3971352,31822814,None,None,None,3884617,None,None,569578,None,None,-380,,,,,0.0,0.0755,-4313534,-4313914,-0.6755,2021-03-31,None,0.0,None,-4313914,380,None,None,None,0,None,540701,None,None,None,None,None,-4314294,-4313914,0,None,0.0,,4313534,-4313534,5650000,4567234,None,None,None,,,,,4.544,,,,,,,,0.0,,55507,2025-11-12,quarterly,-0.6,EUR,pre-market,3645413,-50734634,-0.321,-0.538,0.0,0.0,668121,None,None,None,20.38,24.18,11.1769,244028000,243973000,8451851,8451000,55000,-851,0,235577000,None,29.8,11.51
2025-12-28,PHVS,-3.42,0.0,None,-2.8,5.66,,None,98628871,98628871,,,,,,,,,235693,9104630,None,None,None,846952,None,None,569578,None,None,-380,,,,,0.0,0.0755,-4313534,-4313914,-0.6755,2020-12-31,None,0.0,None,-4313914,380,None,None,None,0,None,540701,None,None,None,None,None,-4314294,-4313914,0,None,0.0,,4313534,-4313534,1212626,4466837,None,None,None,,,,,4.544,,,,,,,,0.0,,48503,2025-11-12,quarterly,-0.6,EUR,pre-market,3645413,-44459954,-0.321,-0.538,0.0,0.0,668121,None,None,None,20.38,24.18,11.1769,101099618,100951776,5313789,5313789,147842,846952,0,95785829,None,29.8,11.51
2025-12-28,PHVS,-3.42,0.0,None,-2.8,5.66,,None,41948476,41948476,,,,,,,,,177430,31839776,None,None,None,2729473,None,None,557571,None,None,-380,,,,,0.0,0.0755,-4313534,-4313914,-0.6755,2020-09-30,None,0.0,None,-4313914,380,None,None,None,0,None,None,None,None,None,None,None,-4314294,-4313914,0,None,0.0,,4313534,-4313534,504438,1544535,None,None,None,,,,,4.544,,,,,,,,0.0,,None,2025-11-12,quarterly,-0.6,EUR,pre-market,3645413,-33754742,-0.321,-0.538,0.0,0.0,668121,None,None,None,20.38,24.18,11.1769,43054251,43010485,4364129,4364129,43766,2729473,0,38690122,None,29.8,11.51
2025-12-28,PHVS,-3.42,0.0,None,-2.8,5.66,,None,24657217,24657217,,,,,,,,,58923,31839776,None,None,None,211738,None,None,142394,None,None,-380,,,,,0.0,0.0755,-4313534,-4313914,-0.6755,2020-06-30,None,0.0,None,-4313914,380,None,None,None,0,None,2,None,None,None,None,None,-4314294,-4313914,0,None,0.0,,4313534,-4313534,438331,1116709,None,None,None,,,,,4.544,,,,,,,,0.0,,None,2025-11-12,quarterly,-0.6,USD,pre-market,3645413,-11114988.50,-0.321,-0.538,0.0,0.0,668121,None,None,None,20.38,24.18,11.1769,25274904,25237944,1328447,1328447,36960,211738,0,23946457,None,29.8,11.51
2025-12-28,PHVS,-3.42,0.0,None,-2.8,5.66,,None,-20326372,-20326372,,,,,,,,,58923,31839776,None,None,None,211738,None,None,142394.50,None,None,-380,,,,,0.0,0.0755,-4313534,-4313914,-0.6755,2020-03-31,None,0.0,None,-4313914,380,None,None,None,0,None,-580726.25,None,None,None,None,None,-4314294,-4313914,0,None,0.0,,4313534,-4313534,438331.75,1116709,None,None,None,,,,,4.544,,,,,,,,0.0,,None,2025-11-12,quarterly,-0.6,EUR,pre-market,3645413,-11114988.50,-0.321,-0.538,0.0,0.0,668121,None,None,40652744,20.38,24.18,11.1769,25274904,20326372,1328447,1328447,-20326372,211738,0,18673547,None,29.8,11.51
2025-12-28,PHVS,-3.42,0.0,None,-2.8,5.66,,None,20326372,20326372,,,,,,,,,48500,31839776,None,None,None,509948,None,None,210843,None,None,-380,,,,,0.0,0.0755,-4313534,-4313914,-0.6755,2019-12-31,None,0.0,None,-4313914,380,None,None,None,0,None,None,None,None,None,None,None,-4314294,-4313914,0,None,0.0,,4313534,-4313534,258379,1414182,None,None,None,,,,,4.544,,,,,,,,0.0,,12927,2025-11-12,quarterly,-0.6,EUR,pre-market,3645413,-18474250,-0.321,-0.538,0.0,0.0,668121,None,None,None,20.38,24.18,11.1769,20597678,20584751,1924130,1924130,12927,0,0,18673547,None,29.8,11.51
2025-12-28,PHVS,-3.42,0.0,None,-2.8,5.66,,None,5081593,5081593,,,,,,,,,32740,31839776,None,None,None,127487,None,None,52710,None,None,-380,,,,,0.0,0.0755,-4313534,-4313914,-0.6755,2019-09-30,None,0.0,None,-4313914,380,None,None,None,0,None,None,None,None,None,None,None,-4314294,-4313914,0,None,0.0,,4313534,-4313534,11884,353545,None,None,None,,,,,4.544,,,,,,,,0.0,,None,2025-11-12,quarterly,-0.6,USD,pre-market,3645413,-4618562.50,-0.321,-0.538,0.0,0.0,668121,None,None,None,20.38,24.18,11.1769,5149419,5146187,481032,481032,3231.75,127487,0,4668387,None,29.8,11.51
2025-12-28,PHVS,-3.42,0.0,None,-2.8,5.66,,None,5081593,5081593,,,,,,,,,32740,31839776,None,None,None,127487,None,None,52710,None,None,-380,,,,,0.0,0.0755,-4313534,-4313914,-0.6755,2019-06-30,None,0.0,None,-4313914,380,None,None,None,0,None,None,None,None,None,None,None,-4314294,-4313914,0,None,0.0,,4313534,-4313534,11884,353545,None,None,None,,,,,4.544,,,,,,,,0.0,,None,2025-11-12,quarterly,-0.6,USD,pre-market,3645413,-4618562.50,-0.321,-0.538,0.0,0.0,668121,None,None,None,20.38,24.18,11.1769,5149419,5146187,481032,481032,3231.75,127487,0,4668387,None,29.8,11.51
2025-12-28,PHVS,-3.42,0.0,None,-2.8,5.66,,None,5081593,5081593,,,,,,,,,32740,31839776,None,None,None,127487,None,None,52710,None,None,-380,,,,,0.0,0.0755,-4313534,-4313914,-0.6755,2019-03-31,None,0.0,None,-4313914,380,None,None,None,0,None,None,None,None,None,None,None,-4314294,-4313914,0,None,0.0,,4313534,-4313534,11884,353545,None,None,None,,,,,4.544,,,,,,,,0.0,,None,2025-11-12,quarterly,-0.6,USD,pre-market,3645413,-4618562.50,-0.321,-0.538,0.0,0.0,668121,None,None,None,20.38,24.18,11.1769,5149419,5146187,481032,481032,3231.75,127487,0,4668387,None,29.8,11.51
2025-12-28,PHVS,-3.42,0.0,None,-2.8,5.66,,None,1346333,1346333,,,,,,,,,25232,31839776,None,None,None,61589,None,None,6605.75,None,None,-380,,,,,0.0,0.0755,-4313534,-4313914,-0.6755,2018-12-31,None,0.0,None,-4313914,380,None,None,None,0,None,None,None,None,None,None,None,-4314294,-4313914,0,None,0.0,,4313534,-4313534,5655.25,58746,None,None,None,,,,,4.544,,,,,,,,0.0,,None,2025-11-12,quarterly,-0.6,USD,pre-market,3645413,-2611772,-0.321,-0.538,0.0,0.0,668121,None,None,None,20.38,24.18,11.1769,1358594,1358594,120335,120335,None,61589,0,1238259,None,29.8,11.51
2025-12-28,PHVS,-3.42,0.0,None,-2.8,5.66,,None,1346333,1346333,,,,,,,,,25232,31839776,None,None,None,61589,None,None,6605.75,None,None,-380,,,,,0.0,0.0755,-4313534,-4313914,-0.6755,2018-09-30,None,0.0,None,-4313914,380,None,None,None,0,None,None,None,None,None,None,None,-4314294,-4313914,0,None,0.0,,4313534,-4313534,5655.25,58746,None,None,None,,,,,4.544,,,,,,,,0.0,,None,2025-11-12,quarterly,-0.6,USD,pre-market,3645413,-2611772,-0.321,-0.538,0.0,0.0,668121,None,None,None,20.38,24.18,11.1769,1358594,1358594,120335,120335,None,61589,0,1238259,None,29.8,11.51
2025-12-28,PHVS,-3.42,0.0,None,-2.8,5.66,,None,1346333,1346333,,,,,,,,,25232,31839776,None,None,None,61589,None,None,6605.75,None,None,-380,,,,,0.0,0.0755,-4313534,-4313914,-0.6755,2018-06-30,None,0.0,None,-4313914,380,None,None,None,0,None,None,None,None,None,None,None,-4314294,-4313914,0,None,0.0,,4313534,-4313534,5655.25,58746,None,None,None,,,,,4.544,,,,,,,,0.0,,None,2025-11-12,quarterly,-0.6,USD,pre-market,3645413,-2611772,-0.321,-0.538,0.0,0.0,668121,None,None,None,20.38,24.18,11.1769,1358594,1358594,120335,120335,None,61589,0,1238259,None,29.8,11.51
2025-12-28,PHVS,-3.42,0.0,None,-2.8,5.66,,None,1346333,1346333,,,,,,,,,25232,31839776,None,None,None,61589,None,None,6605.75,None,None,-380,,,,,0.0,0.0755,-4313534,-4313914,-0.6755,2018-03-31,None,0.0,None,-4313914,380,None,None,None,0,None,None,None,None,None,None,None,-4314294,-4313914,0,None,0.0,,4313534,-4313534,5655.25,58746,None,None,None,,,,,4.544,,,,,,,,0.0,,None,2025-11-12,quarterly,-0.6,USD,pre-market,3645413,-2611772,-0.321,-0.538,0.0,0.0,668121,None,None,None,20.38,24.18,11.1769,1358594,1358594,120335,120335,None,61589,0,1238259,None,29.8,11.51
2025-12-28,PHVS,-3.42,0.0,None,-2.8,5.66,,None,1198783,1198783,,,,,,,,,25232,None,None,None,None,15118,None,None,264,None,None,-380,,,,,0.0,0.0755,-4313534,-4313914,-0.6755,2017-12-31,None,0.0,None,-4313914,380,None,None,None,0,None,None,None,None,None,None,None,-4314294,-4313914,0,None,0.0,,4313534,-4313534,None,19591,None,None,None,,,,,4.544,,,,,,,,0.0,,None,2025-11-12,quarterly,-0.6,USD,pre-market,3645413,-1533293.50,-0.321,-0.538,0.0,0.0,668121,None,None,None,20.38,24.18,11.1769,1199047,1199047,34709,34709,None,15118,0,1164338,None,29.8,11.51
2025-12-28,PHVS,-3.42,0.0,None,-2.8,5.66,,None,1198783,1198783,,,,,,,,,25232,None,None,None,None,15118,None,None,264,None,None,-380,,,,,0.0,0.0755,-4313534,-4313914,-0.6755,2017-09-30,None,0.0,None,-4313914,380,None,None,None,0,None,None,None,None,None,None,None,-4314294,-4313914,0,None,0.0,,4313534,-4313534,None,19591,None,None,None,,,,,4.544,,,,,,,,0.0,,None,2025-11-12,quarterly,-0.6,USD,pre-market,3645413,-1533293.50,-0.321,-0.538,0.0,0.0,668121,None,None,None,20.38,24.18,11.1769,1199047,1199047,34709,34709,None,15118,0,1164338,None,29.8,11.51
2025-12-28,PHVS,-3.42,0.0,None,-2.8,5.66,,None,1198783,1198783,,,,,,,,,25232,None,None,None,None,15118,None,None,264,None,None,-380,,,,,0.0,0.0755,-4313534,-4313914,-0.6755,2017-06-30,None,0.0,None,-4313914,380,None,None,None,0,None,None,None,None,None,None,None,-4314294,-4313914,0,None,0.0,,4313534,-4313534,None,19591,None,None,None,,,,,4.544,,,,,,,,0.0,,None,2025-11-12,quarterly,-0.6,USD,pre-market,3645413,-1533293.50,-0.321,-0.538,0.0,0.0,668121,None,None,None,20.38,24.18,11.1769,1199047,1199047,34709,34709,None,15118,0,1164338,None,29.8,11.51
2025-12-28,PHVS,-3.42,0.0,None,-2.8,5.66,,None,1198783,1198783,,,,,,,,,25232,None,None,None,None,15118,None,None,264,None,None,-380,,,,,0.0,0.0755,-4313534,-4313914,-0.6755,2017-03-31,None,0.0,None,-4313914,380,None,None,None,0,None,None,None,None,None,None,None,-4314294,-4313914,0,None,0.0,,4313534,-4313534,None,19591,None,None,None,,,,,4.544,,,,,,,,0.0,,None,2025-11-12,quarterly,-0.6,USD,pre-market,3645413,-1533293.50,-0.321,-0.538,0.0,0.0,668121,None,None,None,20.38,24.18,11.1769,1199047,1199047,34709,34709,None,15118,0,1164338,None,29.8,11.51
2025-12-28,PHVS,-3.42,0.0,None,-2.8,5.66,,861470,280728037,280728037,,,,,,,,,6525539,54021000,None,None,None,4562900,None,None,2944514,None,None,-380,,,,,0.0,0.0755,-4313534,-4313914,-0.6755,2024-12-31,None,0.0,None,-4313914,380,None,None,None,0,None,None,None,None,None,None,None,-4314294,-4313914,0,None,0.0,,4313534,-4313534,5747025,17588407,None,None,None,,,,,4.544,,,,,,,,0.0,,None,2025-11-12,annual,-0.6,EUR,pre-market,3645413,-402255007,-0.321,-0.538,0.0,0.0,668121,861470,222427,None,20.38,24.18,11.1769,291374765,289419576,22974981,23614024,1955189,639043,0,267760741,None,29.8,11.51
2025-12-28,PHVS,-3.42,0.0,None,-2.8,5.66,,238905,391231637,391231637,,,,,,,,,6274833,38391654,None,None,None,2909725,None,None,1039024,None,None,-380,,,,,0.0,0.0755,-4313534,-4313914,-0.6755,2023-12-31,None,0.0,None,-4313914,380,None,None,None,0,None,-322558,None,None,None,None,None,-4314294,-4313914,0,None,0.0,,4313534,-4313534,5580704,11067156,None,None,None,,,,,4.544,,,,,,,,0.0,,None,2025-11-12,annual,-0.6,EUR,pre-market,3645413,-265918628,-0.321,-0.538,0.0,0.0,668121,238905,195341,322558,20.38,24.18,11.1769,398694465,397851365,14602498,14646062,843100,43564,0,384048403,None,29.8,11.51
2025-12-28,PHVS,-3.42,0.0,None,-2.8,5.66,,436822,161837429,161837429,,,,,,,,,4057976,33585976,None,None,None,5979168,None,None,382468,None,None,-380,,,,,0.0,0.0755,-4313534,-4313914,-0.6755,2022-12-31,None,0.0,None,-4313914,380,None,None,None,0,None,4044255,None,None,None,None,None,-4314294,-4313914,0,None,0.0,,4313534,-4313534,582589,10890749,None,None,None,,,,,4.544,,,,,,,,0.0,,626439,2025-11-12,annual,-0.6,EUR,pre-market,3645413,-164188892,-0.321,-0.538,0.0,0.0,668121,436822,187404,None,20.38,24.18,11.1769,167732983,166846741,18224535,18473953,886242,249418,0,149259030,None,29.8,11.51
2025-12-28,PHVS,-3.42,0.0,None,-2.8,5.66,,250184,209353132,209353132,,,,,,,,,3978227,30411902,None,None,None,2125511,None,None,700079,None,None,-380,,,,,0.0,0.0755,-4313534,-4313914,-0.6755,2021-12-31,None,0.0,None,-4313914,380,None,None,None,0,None,1507753,None,None,None,None,None,-4314294,-4313914,0,None,0.0,,4313534,-4313534,1513452,4270083,None,-1,None,,,,,4.544,,,,,,,,0.0,,351350,2025-11-12,annual,-0.6,EUR,pre-market,3645413,-87568401,-0.321,-0.538,0.0,0.0,668121,250184,99432,None,20.38,24.18,11.1769,212090065,211566663,6986244,7136995,523402,150751,0,204953070,None,29.8,11.51
2025-12-28,PHVS,-3.42,0.0,None,-2.8,5.66,,0,98628871,98628871,,,,,,,,,235693,30519276,None,None,None,656448,None,None,569578,None,None,-380,,,,,0.0,0.0755,-4313534,-4313914,-0.6755,2020-12-31,None,0.0,None,-4313914,380,None,None,None,0,None,540701,None,None,None,None,None,-4314294,-4313914,0,None,0.0,,4313534,-4313534,1753327,4466837,None,None,None,,,,,4.544,,,,,,,,0.0,,48503,2025-11-12,annual,-0.6,EUR,pre-market,3645413,-44459954,-0.321,-0.538,0.0,0.0,668121,None,None,None,20.38,24.18,11.1769,101099618,100951776,5313789,5313789,147842,846952,0,95785829,None,29.8,11.51
2025-12-28,PHVS,-3.42,0.0,None,-2.8,5.66,,None,20326372,20326372,,,,,,,,,130962,31839776,None,None,None,517771,None,None,210843,None,None,-380,,,,,0.0,0.0755,-4313534,-4313914,-0.6755,2019-12-31,None,0.0,None,-4313914,380,None,None,None,0,None,None,None,None,None,None,None,-4314294,-4313914,0,None,0.0,,4313534,-4313534,47536,1398536,None,None,None,,,,,4.544,,,,,,,,0.0,,12927,2025-11-12,annual,-0.6,EUR,pre-market,3645413,-18474250,-0.321,-0.538,0.0,0.0,668121,None,None,None,20.38,24.18,11.1769,20597678,20584751,1924130,1924130,12927,509948,0,18673548,None,29.8,11.51
2025-12-28,PHVS,-3.42,0.0,None,-2.8,5.66,,None,5385333,5385333,,,,,,,,,100928,31839776,None,None,None,246356,None,None,26423,None,None,-380,,,,,0.0,0.0755,-4313534,-4313914,-0.6755,2018-12-31,None,0.0,None,-4313914,380,None,None,None,0,None,None,None,None,None,None,None,-4314294,-4313914,0,None,0.0,,4313534,-4313534,22621,234357,None,None,None,,,,,4.544,,,,,,,,0.0,,None,2025-11-12,annual,-0.6,EUR,pre-market,3645413,-10447088,-0.321,-0.538,0.0,0.0,668121,None,None,None,20.38,24.18,11.1769,5434377,5434377,481340,481340,0,246356,0,4953037,None,29.8,11.51
2025-12-28,PHVS,-3.42,0.0,None,-2.8,5.66,,None,4795135,4795135,,,,,,,,,100928,30519276,None,None,None,60472,None,None,1056,None,None,-380,,,,,0.0,0.0755,-4313534,-4313914,-0.6755,2017-12-31,None,0.0,None,-4313914,380,None,None,None,0,None,None,None,None,None,None,None,-4314294,-4313914,0,None,0.0,,4313534,-4313534,None,77428,None,None,None,,,,,4.544,,,,,,,,0.0,,None,2025-11-12,annual,-0.6,EUR,pre-market,3645413,-6133174,-0.321,-0.538,0.0,0.0,668121,None,None,None,20.38,24.18,11.1769,4796191,4796191,138836,138836,0,60472,0,4657355,None,29.8,11.51
2025-12-28,PHVS,-3.42,0.0,None,-2.8,5.66,18714,None,4795135,4795135,160434075,-18714,None,None,None,None,None,None,100928,30519276,None,None,None,60472,None,None,1056,None,None,-380,105152,None,None,None,0.0,0.0755,-4313534,-4313914,-0.6755,2025-09-30,None,0.0,None,-4313914,380,None,None,None,0,None,None,None,None,None,None,None,-37318504,-4313914,0,None,0.0,-30668913,4313534,-4313534,None,77428,None,None,None,None,None,None,None,4.544,None,None,None,None,None,None,None,0.0,None,None,2025-11-12,quarterly,-0.6,EUR,pre-market,3645413,-6133174,-0.321,-0.538,0.0,0.0,668121,None,None,None,20.38,24.18,11.1769,4796191,4796191,138836,138836,0,60472,0,4657355,None,29.8,11.51
2025-12-28,PHVS,-3.42,0.0,None,-2.8,5.66,16636,None,4795135,4795135,-22900,16636,None,None,None,None,None,None,100928,30519276,None,None,None,60472,None,None,1056,None,None,-380,103032,None,None,None,0.0,0.0755,-4313534,-4313914,-0.6755,2025-06-30,None,0.0,None,-4313914,380,None,None,None,0,None,None,None,None,None,None,None,-45277904,-4313914,0,None,0.0,-29980358,4313534,-4313534,None,77428,None,None,None,None,None,None,None,4.544,None,None,None,None,None,None,None,0.0,None,None,2025-11-12,quarterly,-0.6,EUR,pre-market,3645413,-6133174,-0.321,-0.538,0.0,0.0,668121,None,None,None,20.38,24.18,11.1769,4796191,4796191,138836,138836,0,60472,0,4657355,None,29.8,11.51
2025-12-28,PHVS,-3.42,0.0,None,-2.8,5.66,161003,None,4795135,4795135,-75447,-161003,None,None,None,None,None,None,100928,30519276,None,None,None,60472,None,None,1056,None,None,-380,105301,None,None,None,0.0,0.0755,-4313534,-4313914,-0.6755,2025-03-31,None,0.0,None,-4313914,380,None,None,None,0,None,None,None,None,None,None,None,-46038156,-4313914,0,None,0.0,-38471605,4313534,-4313534,None,77428,None,None,None,None,None,None,None,4.544,None,None,None,None,None,None,None,0.0,None,None,2025-11-12,quarterly,-0.6,EUR,pre-market,3645413,-6133174,-0.321,-0.538,0.0,0.0,668121,None,None,None,20.38,24.18,11.1769,4796191,4796191,138836,138836,0,60472,0,4657355,None,29.8,11.51
2025-12-28,PHVS,-3.42,0.0,None,-2.8,5.66,160917,None,4795135,4795135,566162,None,None,None,None,None,None,None,100928,30519276,None,None,None,60472,None,None,1056,None,None,-380,90958,None,None,None,0.0,0.0755,-4313534,-4313914,-0.6755,2024-12-31,None,0.0,None,-4313914,380,None,None,None,0,None,None,None,None,None,None,None,-34760940,-4313914,0,None,0.0,-34953682,4313534,-4313534,None,77428,None,None,None,None,None,None,None,4.544,None,None,None,None,None,None,None,0.0,None,None,2025-11-12,quarterly,-0.6,EUR,pre-market,3645413,-6133174,-0.321,-0.538,0.0,0.0,668121,None,None,None,20.38,24.18,11.1769,4796191,4796191,138836,138836,0,60472,0,4657355,None,29.8,11.51
2025-12-28,PHVS,-3.42,0.0,None,-2.8,5.66,306325,None,4795135,4795135,991927,-306325,None,None,None,None,None,None,100928,30519276,None,None,None,60472,None,None,1056,None,None,-380,43572,None,None,None,0.0,0.0755,-4313534,-4313914,-0.6755,2024-09-30,None,0.0,None,-4313914,380,None,None,None,0,None,None,None,None,None,None,None,-41480667,-4313914,0,None,0.0,-33261532,4313534,-4313534,None,77428,None,None,None,None,None,None,None,4.544,None,None,None,None,None,None,None,0.0,None,None,2025-11-12,quarterly,-0.6,EUR,pre-market,3645413,-6133174,-0.321,-0.538,0.0,0.0,668121,None,None,None,20.38,24.18,11.1769,4796191,4796191,138836,138836,0,60472,0,4657355,None,29.8,11.51
2025-12-28,PHVS,-3.42,0.0,None,-2.8,5.66,40136,None,4795135,4795135,323424,-40136,None,None,None,None,None,None,100928,30519276,None,None,None,60472,None,None,1056,None,None,-380,68677,None,None,None,0.0,0.0755,-4313534,-4313914,-0.6755,2024-06-30,None,0.0,None,-4313914,380,None,None,None,0,None,None,None,None,None,None,None,-29660450,-4313914,0,None,0.0,-27683166,4313534,-4313534,None,77428,None,None,None,None,None,None,None,4.544,None,None,None,None,None,None,None,0.0,None,None,2025-11-12,quarterly,-0.6,EUR,pre-market,3645413,-6133174,-0.321,-0.538,0.0,0.0,668121,None,None,None,20.38,24.18,11.1769,4796191,4796191,138836,138836,0,60472,0,4657355,None,29.8,11.51
2025-12-28,PHVS,-3.42,0.0,None,-2.8,5.66,30708,None,4795135,4795135,795042,-30708,None,None,None,None,None,None,100928,30519276,None,None,None,60472,None,None,1056,None,None,-380,66355,None,None,None,0.0,0.0755,-4313534,-4313914,-0.6755,2024-03-31,None,0.0,None,-4313914,380,None,None,None,0,None,None,None,None,None,None,None,-27733639,-4313914,0,None,0.0,-24231811,4313534,-4313534,None,77428,None,None,None,None,None,None,None,4.544,None,None,None,None,None,None,None,0.0,None,None,2025-11-12,quarterly,-0.6,EUR,pre-market,3645413,-6133174,-0.321,-0.538,0.0,0.0,668121,None,None,None,20.38,24.18,11.1769,4796191,4796191,138836,138836,0,60472,0,4657355,None,29.8,11.51
2025-12-28,PHVS,-3.42,0.0,None,-2.8,5.66,28380,None,4795135,4795135,261731105,None,None,None,None,None,None,None,100928,30519276,None,None,None,60472,None,None,1056,None,None,-380,66025,None,None,None,0.0,0.0755,-4313534,-4313914,-0.6755,2023-12-31,None,0.0,None,-4313914,380,None,None,None,0,None,None,None,None,None,None,None,-32747650,-4313914,0,None,0.0,-23808897,4313534,-4313534,None,77428,None,None,None,None,None,None,None,4.544,None,None,None,None,None,None,None,0.0,None,None,2025-11-12,quarterly,-0.6,EUR,pre-market,3645413,-6133174,-0.321,-0.538,0.0,0.0,668121,None,None,None,20.38,24.18,11.1769,4796191,4796191,138836,138836,0,60472,0,4657355,None,29.8,11.51
2025-12-28,PHVS,-3.42,0.0,None,-2.8,5.66,7490,None,4795135,4795135,-122336,-7490,None,None,-6787,None,None,None,100928,30519276,None,None,None,60472,None,None,1056,None,None,-380,67933,None,None,None,0.0,0.0755,-4313534,-4313914,-0.6755,2023-09-30,None,0.0,None,-4313914,380,None,None,None,0,None,None,None,None,None,None,None,-23452323,-4313914,0,None,0.0,-23552731,4313534,-4313534,None,77428,None,None,None,None,None,None,None,4.544,None,None,None,None,None,None,None,0.0,None,None,2025-11-12,quarterly,-0.6,EUR,pre-market,3645413,-6133174,-0.321,-0.538,0.0,0.0,668121,None,None,None,20.38,24.18,11.1769,4796191,4796191,138836,138836,0,60472,0,4657355,None,29.8,11.51
2025-12-28,PHVS,-3.42,0.0,None,-2.8,5.66,35076,None,4795135,4795135,63840983,-35076,None,None,95353,None,None,None,100928,30519276,None,None,None,60472,None,None,1056,None,None,-380,61724,None,None,None,0.0,0.0755,-4313534,-4313914,-0.6755,2023-06-30,None,0.0,None,-4313914,380,None,None,None,0,None,None,None,None,None,None,None,-21803695,-4313914,0,None,0.0,-20482680,4313534,-4313534,None,77428,None,None,None,None,None,None,None,4.544,None,None,None,None,None,None,None,0.0,None,None,2025-11-12,quarterly,-0.6,EUR,pre-market,3645413,-6133174,-0.321,-0.538,0.0,0.0,668121,None,None,None,20.38,24.18,11.1769,4796191,4796191,138836,138836,0,60472,0,4657355,None,29.8,11.51
2025-12-28,PHVS,-3.42,0.0,None,-2.8,5.66,19038,None,4795135,4795135,-56752,-19038,None,None,-68435,None,None,None,100928,30519276,None,None,None,60472,None,None,1056,None,None,-380,61869,None,None,None,0.0,0.0755,-4313534,-4313914,-0.6755,2023-03-31,None,0.0,None,-4313914,380,None,None,None,0,None,None,None,None,None,None,None,-22570292,-4313914,0,None,0.0,-25204785,4313534,-4313534,None,77428,None,None,None,None,None,None,None,4.544,None,None,None,None,None,None,None,0.0,None,None,2025-11-12,quarterly,-0.6,EUR,pre-market,3645413,-6133174,-0.321,-0.538,0.0,0.0,668121,None,None,None,20.38,24.18,11.1769,4796191,4796191,138836,138836,0,60472,0,4657355,None,29.8,11.51
2025-12-28,PHVS,-3.42,0.0,None,-2.8,5.66,23639,None,4795135,4795135,-159810,-23639,None,None,None,None,None,None,100928,30519276,None,None,None,60472,None,None,1056,None,None,-380,46174,None,None,None,0.0,0.0755,-4313534,-4313914,-0.6755,2022-12-31,None,0.0,None,-4313914,380,None,None,None,0,None,None,None,None,None,None,None,-38893456,-4313914,0,None,0.0,-20412973,4313534,-4313534,None,77428,None,None,None,None,None,None,None,4.544,None,None,None,None,None,None,None,0.0,None,None,2025-11-12,quarterly,-0.6,EUR,pre-market,3645413,-6133174,-0.321,-0.538,0.0,0.0,668121,None,None,None,20.38,24.18,11.1769,4796191,4796191,138836,138836,0,60472,0,4657355,None,29.8,11.51
2025-12-28,PHVS,-3.42,0.0,None,-2.8,5.66,50918,None,4795135,4795135,-13135,-50918,None,None,120355,None,None,None,100928,30519276,None,None,None,60472,None,None,1056,None,None,-380,38572,None,None,None,0.0,0.0755,-4313534,-4313914,-0.6755,2022-09-30,None,0.0,None,-4313914,380,None,None,None,0,None,None,None,None,None,None,None,-10891733,-4313914,0,None,0.0,-15181088,4313534,-4313534,None,77428,None,None,None,None,None,None,None,4.544,None,None,None,None,None,None,None,0.0,None,None,2025-11-12,quarterly,-0.6,EUR,pre-market,3645413,-6133174,-0.321,-0.538,0.0,0.0,668121,None,None,None,20.38,24.18,11.1769,4796191,4796191,138836,138836,0,60472,0,4657355,None,29.8,11.51
2025-12-28,PHVS,-3.42,0.0,None,-2.8,5.66,23367,None,4795135,4795135,8933439,-23367,None,None,-93549,None,None,None,100928,30519276,None,None,None,60472,None,None,1056,None,None,-380,35345,None,None,None,0.0,0.0755,-4313534,-4313914,-0.6755,2022-06-30,None,0.0,None,-4313914,380,None,None,None,0,None,None,None,None,None,None,None,-9879966,-4313914,0,None,0.0,-13687381,4313534,-4313534,None,77428,None,None,None,None,None,None,None,4.544,None,None,None,None,None,None,None,0.0,None,None,2025-11-12,quarterly,-0.6,EUR,pre-market,3645413,-6133174,-0.321,-0.538,0.0,0.0,668121,None,None,None,20.38,24.18,11.1769,4796191,4796191,138836,138836,0,60472,0,4657355,None,29.8,11.51
2025-12-28,PHVS,-3.42,0.0,None,-2.8,5.66,26372,None,4795135,4795135,-110126,-26372,None,None,None,None,None,None,100928,30519276,None,None,None,60472,None,None,1056,None,None,-380,32850,None,None,None,0.0,0.0755,-4313534,-4313914,-0.6755,2022-03-31,None,0.0,None,-4313914,380,None,None,None,0,None,None,None,None,None,None,None,-15988315,-4313914,0,None,0.0,-17881192,4313534,-4313534,None,77428,None,None,None,None,None,None,None,4.544,None,None,None,None,None,None,None,0.0,None,None,2025-11-12,quarterly,-0.6,EUR,pre-market,3645413,-6133174,-0.321,-0.538,0.0,0.0,668121,None,None,None,20.38,24.18,11.1769,4796191,4796191,138836,138836,0,60472,0,4657355,None,29.8,11.51
2025-12-28,PHVS,-3.42,0.0,None,-2.8,5.66,68538,None,4795135,4795135,-619358,-68538,None,None,None,None,None,None,100928,30519276,None,None,None,60472,None,None,1056,None,None,-380,33367,None,None,None,0.0,0.0755,-4313534,-4313914,-0.6755,2021-12-31,None,0.0,None,-4313914,380,None,None,None,0,None,None,None,None,None,None,None,-12360838,-4313914,0,None,0.0,-12503116,4313534,-4313534,None,77428,None,None,None,None,None,None,None,4.544,None,None,None,None,None,None,None,0.0,None,None,2025-11-12,quarterly,-0.6,EUR,pre-market,3645413,-6133174,-0.321,-0.538,0.0,0.0,668121,None,None,None,20.38,24.18,11.1769,4796191,4796191,138836,138836,0,60472,0,4657355,None,29.8,11.51
2025-12-28,PHVS,-3.42,0.0,None,-2.8,5.66,27940,None,4795135,4795135,-15563,-27940,None,None,None,None,None,None,100928,30519276,None,None,None,60472,None,None,1056,None,None,-380,28955,None,None,None,0.0,0.0755,-4313534,-4313914,-0.6755,2021-09-30,None,0.0,None,-4313914,380,None,None,None,0,None,None,None,None,None,None,None,-9075729,-4313914,0,None,0.0,-10037654,4313534,-4313534,None,77428,None,None,None,None,None,None,None,4.544,None,None,None,None,None,None,None,0.0,None,None,2025-11-12,quarterly,-0.6,EUR,pre-market,3645413,-6133174,-0.321,-0.538,0.0,0.0,668121,None,None,None,20.38,24.18,11.1769,4796191,4796191,138836,138836,0,60472,0,4657355,None,29.8,11.51
2025-12-28,PHVS,-3.42,0.0,None,-2.8,5.66,23489,None,4795135,4795135,304721,-23489,None,None,None,None,None,None,100928,30519276,None,None,None,60472,None,None,1056,None,None,-380,11987,None,None,None,0.0,0.0755,-4313534,-4313914,-0.6755,2021-06-30,None,0.0,None,-4313914,380,None,None,None,0,None,None,None,None,None,None,None,-15199807,-4313914,0,None,0.0,-11859307,4313534,-4313534,None,77428,None,None,None,None,None,None,None,4.544,None,None,None,None,None,None,None,0.0,None,None,2025-11-12,quarterly,-0.6,EUR,pre-market,3645413,-6133174,-0.321,-0.538,0.0,0.0,668121,None,None,None,20.38,24.18,11.1769,4796191,4796191,138836,138836,0,60472,0,4657355,None,29.8,11.51
2025-12-28,PHVS,-3.42,0.0,None,-2.8,5.66,10065,None,4795135,4795135,144001539,-10065,None,None,None,None,None,None,100928,30519276,None,None,None,60472,None,None,1056,None,None,-380,3061,None,None,None,0.0,0.0755,-4313534,-4313914,-0.6755,2021-03-31,None,0.0,None,-4313914,380,None,None,None,0,None,None,None,None,None,None,None,-6024288,-4313914,0,None,0.0,-10199606,4313534,-4313534,None,77428,None,None,None,None,None,None,None,4.544,None,None,None,None,None,None,None,0.0,None,None,2025-11-12,quarterly,-0.6,EUR,pre-market,3645413,-6133174,-0.321,-0.538,0.0,0.0,668121,None,None,None,20.38,24.18,11.1769,4796191,4796191,138836,138836,0,60472,0,4657355,None,29.8,11.51
2025-12-28,PHVS,-3.42,0.0,None,-2.8,5.66,7320,None,4795135,4795135,66954520,-7320,None,None,None,None,None,None,100928,30519276,None,None,None,60472,None,None,1056,None,None,-380,2583,None,None,None,0.0,0.0755,-4313534,-4313914,-0.6755,2020-12-31,None,0.0,None,-4313914,380,None,None,None,0,None,None,None,None,None,None,None,-10647159,-4313914,0,None,0.0,-8911073,4313534,-4313534,None,77428,None,None,None,None,None,None,None,4.544,None,None,None,None,None,None,None,0.0,None,None,2025-11-12,quarterly,-0.6,EUR,pre-market,3645413,-6133174,-0.321,-0.538,0.0,0.0,668121,None,None,None,20.38,24.18,11.1769,4796191,4796191,138836,138836,0,60472,0,4657355,None,29.8,11.51
2025-12-28,PHVS,-3.42,0.0,None,-2.8,5.66,17228,None,4795135,4795135,34246281,-17228,None,None,None,None,None,None,100928,30519276,None,None,None,60472,None,None,1056,None,None,-380,2155,None,None,None,0.0,0.0755,-4313534,-4313914,-0.6755,2020-09-30,None,0.0,None,-4313914,380,None,None,None,0,None,None,None,None,None,None,None,-6399837,-4313914,0,None,0.0,-6623361,4313534,-4313534,None,77428,None,None,None,None,None,None,None,4.544,None,None,None,None,None,None,None,0.0,None,None,2025-11-12,quarterly,-0.6,EUR,pre-market,3645413,-6133174,-0.321,-0.538,0.0,0.0,668121,None,None,None,20.38,24.18,11.1769,4796191,4796191,138836,138836,0,60472,0,4657355,None,29.8,11.51
2025-12-28,PHVS,-3.42,0.0,None,-2.8,5.66,4137,None,4795135,4795135,66954520,-4137,None,None,None,None,None,None,100928,30519276,None,None,None,60472,None,None,1056,None,None,-380,1558,None,None,None,0.0,0.0755,-4313534,-4313914,-0.6755,2020-06-30,None,0.0,None,-4313914,380,None,None,None,0,None,None,None,None,None,None,None,-5745424,-4313914,0,None,0.0,-3640119,4313534,-4313534,None,77428,None,None,None,None,None,None,None,4.544,None,None,None,None,None,None,None,0.0,None,None,2025-11-12,quarterly,-0.6,EUR,pre-market,3645413,-6133174,-0.321,-0.538,0.0,0.0,668121,None,None,None,20.38,24.18,11.1769,4796191,4796191,138836,138836,0,60472,0,4657355,None,29.8,11.51
2025-12-28,PHVS,-3.42,0.0,None,-2.8,5.66,14292,None,4795135,4795135,66954520,-14292,None,None,None,None,None,None,100928,30519276,None,None,None,60472,None,None,1056,None,None,-380,1105,None,None,None,0.0,0.0755,-4313534,-4313914,-0.6755,2020-03-31,None,0.0,None,-4313914,380,None,None,None,0,None,None,None,None,None,None,None,-3276535,-4313914,0,None,0.0,-2325040,4313534,-4313534,None,77428,None,None,None,None,None,None,None,4.544,None,None,None,None,None,None,None,0.0,None,None,2025-11-12,quarterly,-0.6,EUR,pre-market,3645413,-6133174,-0.321,-0.538,0.0,0.0,668121,None,None,None,20.38,24.18,11.1769,4796191,4796191,138836,138836,0,60472,0,4657355,None,29.8,11.51
2025-12-28,PHVS,-3.42,0.0,None,-2.8,5.66,9179,None,4795135,4795135,-666181,-9179,None,None,None,None,None,None,100928,30519276,None,None,None,60472,None,None,1056,None,None,-380,442,None,None,None,0.0,0.0755,-4313534,-4313914,-0.6755,2019-12-31,None,0.0,None,-4313914,380,None,None,None,0,None,None,None,None,None,None,None,-3458386,-4313914,0,None,0.0,-3147068,4313534,-4313534,None,77428,None,None,None,None,None,None,None,4.544,None,None,None,None,None,None,None,0.0,None,None,2025-11-12,quarterly,-0.6,EUR,pre-market,3645413,-6133174,-0.321,-0.538,0.0,0.0,668121,None,None,None,20.38,24.18,11.1769,4796191,4796191,138836,138836,0,60472,0,4657355,None,29.8,11.51
2025-12-28,PHVS,-3.42,0.0,None,-2.8,5.66,3369,None,4795135,4795135,5407881,-3369,None,None,None,None,None,None,100928,30519276,None,None,None,60472,None,None,1056,None,None,-380,137.25,None,None,None,0.0,0.0755,-4313534,-4313914,-0.6755,2019-09-30,None,0.0,None,-4313914,380,None,None,None,0,None,None,None,None,None,None,None,-2006790.50,-4313914,0,None,0.0,-1669252.75,4313534,-4313534,None,77428,None,None,None,None,None,None,None,4.544,None,None,None,None,None,None,None,0.0,None,None,2025-11-12,quarterly,-0.6,USD,pre-market,3645413,-6133174,-0.321,-0.538,0.0,0.0,668121,None,None,None,20.38,24.18,11.1769,4796191,4796191,138836,138836,0,60472,0,4657355,None,29.8,11.51
2025-12-28,PHVS,-3.42,0.0,None,-2.8,5.66,3369,None,4795135,4795135,5407881,-3369,None,None,None,None,None,None,100928,30519276,None,None,None,60472,None,None,1056,None,None,-380,137.25,None,None,None,0.0,0.0755,-4313534,-4313914,-0.6755,2019-06-30,None,0.0,None,-4313914,380,None,None,None,0,None,None,None,None,None,None,None,-2006790.50,-4313914,0,None,0.0,-1669252.75,4313534,-4313534,None,77428,None,None,None,None,None,None,None,4.544,None,None,None,None,None,None,None,0.0,None,None,2025-11-12,quarterly,-0.6,USD,pre-market,3645413,-6133174,-0.321,-0.538,0.0,0.0,668121,None,None,None,20.38,24.18,11.1769,4796191,4796191,138836,138836,0,60472,0,4657355,None,29.8,11.51
2025-12-28,PHVS,-3.42,0.0,None,-2.8,5.66,3369,None,4795135,4795135,5407881,-3369,None,None,None,None,None,None,100928,30519276,None,None,None,60472,None,None,1056,None,None,-380,137.25,None,None,None,0.0,0.0755,-4313534,-4313914,-0.6755,2019-03-31,None,0.0,None,-4313914,380,None,None,None,0,None,None,None,None,None,None,None,-2006790.50,-4313914,0,None,0.0,-1669252.75,4313534,-4313534,None,77428,None,None,None,None,None,None,None,4.544,None,None,None,None,None,None,None,0.0,None,None,2025-11-12,quarterly,-0.6,USD,pre-market,3645413,-6133174,-0.321,-0.538,0.0,0.0,668121,None,None,None,20.38,24.18,11.1769,4796191,4796191,138836,138836,0,60472,0,4657355,None,29.8,11.51
2025-12-28,PHVS,-3.42,0.0,None,-2.8,5.66,0,None,4795135,4795135,1127212,-742.25,None,None,None,None,None,None,100928,30519276,None,None,None,60472,None,None,1056,None,None,-380,None,None,None,None,0.0,0.0755,-4313534,-4313914,-0.6755,2018-12-31,None,0.0,None,-4313914,380,None,None,None,0,None,None,None,None,None,None,None,-1078478.50,-4313914,0,None,0.0,-979663.25,4313534,-4313534,None,77428,None,None,None,None,None,None,None,4.544,None,None,None,None,None,None,None,0.0,None,None,2025-11-12,quarterly,-0.6,USD,pre-market,3645413,-6133174,-0.321,-0.538,0.0,0.0,668121,None,None,None,20.38,24.18,11.1769,4796191,4796191,138836,138836,0,60472,0,4657355,None,29.8,11.51
2025-12-28,PHVS,-3.42,0.0,None,-2.8,5.66,0,None,4795135,4795135,1127212,-742.25,None,None,None,None,None,None,100928,30519276,None,None,None,60472,None,None,1056,None,None,-380,None,None,None,None,0.0,0.0755,-4313534,-4313914,-0.6755,2018-09-30,None,0.0,None,-4313914,380,None,None,None,0,None,None,None,None,None,None,None,-1078478.50,-4313914,0,None,0.0,-979663.25,4313534,-4313534,None,77428,None,None,None,None,None,None,None,4.544,None,None,None,None,None,None,None,0.0,None,None,2025-11-12,quarterly,-0.6,USD,pre-market,3645413,-6133174,-0.321,-0.538,0.0,0.0,668121,None,None,None,20.38,24.18,11.1769,4796191,4796191,138836,138836,0,60472,0,4657355,None,29.8,11.51
2025-12-28,PHVS,-3.42,0.0,None,-2.8,5.66,0,None,4795135,4795135,1127212,-742.25,None,None,None,None,None,None,100928,30519276,None,None,None,60472,None,None,1056,None,None,-380,None,None,None,None,0.0,0.0755,-4313534,-4313914,-0.6755,2018-06-30,None,0.0,None,-4313914,380,None,None,None,0,None,None,None,None,None,None,None,-1078478.50,-4313914,0,None,0.0,-979663.25,4313534,-4313534,None,77428,None,None,None,None,None,None,None,4.544,None,None,None,None,None,None,None,0.0,None,None,2025-11-12,quarterly,-0.6,USD,pre-market,3645413,-6133174,-0.321,-0.538,0.0,0.0,668121,None,None,None,20.38,24.18,11.1769,4796191,4796191,138836,138836,0,60472,0,4657355,None,29.8,11.51
2025-12-28,PHVS,-3.42,0.0,None,-2.8,5.66,0,None,4795135,4795135,1127212,-742.25,None,None,None,None,None,None,100928,30519276,None,None,None,60472,None,None,1056,None,None,-380,None,None,None,None,0.0,0.0755,-4313534,-4313914,-0.6755,2018-03-31,None,0.0,None,-4313914,380,None,None,None,0,None,None,None,None,None,None,None,-1078478.50,-4313914,0,None,0.0,-979663.25,4313534,-4313534,None,77428,None,None,None,None,None,None,None,4.544,None,None,None,None,None,None,None,0.0,None,None,2025-11-12,quarterly,-0.6,USD,pre-market,3645413,-6133174,-0.321,-0.538,0.0,0.0,668121,None,None,None,20.38,24.18,11.1769,4796191,4796191,138836,138836,0,60472,0,4657355,None,29.8,11.51
2025-12-28,PHVS,-3.42,0.0,None,-2.8,5.66,538086,None,4795135,4795135,2676555,-538086,None,None,None,None,None,None,100928,30519276,None,None,None,60472,None,None,1056,None,None,-380,269562,None,None,None,0.0,0.0755,-4313534,-4313914,-0.6755,2024-12-31,None,0.0,None,-4313914,380,None,None,None,0,None,None,None,None,None,None,None,-132396503,-4313914,0,None,0.0,-120130191,4313534,-4313534,None,77428,None,None,None,None,None,None,None,4.544,None,None,None,None,None,None,None,0.0,None,None,2025-11-12,annual,-0.6,EUR,pre-market,3645413,-6133174,-0.321,-0.538,0.0,0.0,668121,None,None,None,20.38,24.18,11.1769,4796191,4796191,138836,138836,0,60472,0,4657355,None,29.8,11.51
2025-12-28,PHVS,-3.42,0.0,None,-2.8,5.66,89984,None,4795135,4795135,325393000,-89984,None,None,-1,None,None,None,100928,30519276,None,None,None,60472,None,None,1056,None,None,-380,257551,None,None,None,0.0,0.0755,-4313534,-4313914,-0.6755,2023-12-31,None,0.0,None,-4313914,380,None,None,None,0,None,None,None,None,None,None,None,-99826263,-4313914,0,None,0.0,-93049093,4313534,-4313534,None,77428,None,None,None,None,None,None,None,4.544,None,None,None,None,None,None,None,0.0,None,None,2025-11-12,annual,-0.6,EUR,pre-market,3645413,-6133174,-0.321,-0.538,0.0,0.0,668121,None,None,None,20.38,24.18,11.1769,4796191,4796191,138836,138836,0,60472,0,4657355,None,29.8,11.51
2025-12-28,PHVS,-3.42,0.0,None,-2.8,5.66,124296,None,4795135,4795135,8650368,-124296,None,None,150873,None,None,None,100928,30519276,None,None,None,60472,None,None,1056,None,None,-380,152941,None,None,None,0.0,0.0755,-4313534,-4313914,-0.6755,2022-12-31,None,0.0,None,-4313914,380,None,None,None,0,None,None,None,None,None,None,None,-75653470,-4313914,0,None,0.0,-67162634,4313534,-4313534,None,77428,None,None,None,None,None,None,None,4.544,None,None,None,None,None,None,None,0.0,None,None,2025-11-12,annual,-0.6,EUR,pre-market,3645413,-6133174,-0.321,-0.538,0.0,0.0,668121,None,None,None,20.38,24.18,11.1769,4796191,4796191,138836,138836,0,60472,0,4657355,None,29.8,11.51
2025-12-28,PHVS,-3.42,0.0,None,-2.8,5.66,130032,None,4795135,4795135,143671339,-130032,None,None,-62840,None,None,None,100928,30519276,None,None,None,60472,None,None,1056,None,None,-380,77370,None,None,None,0.0,0.0755,-4313534,-4313914,-0.6755,2021-12-31,None,0.0,None,-4313914,380,None,None,None,0,None,None,None,None,None,None,None,-42660662,-4313914,0,None,0.0,-44599684,4313534,-4313534,None,77428,None,None,None,None,None,None,None,4.544,None,None,None,None,None,None,None,0.0,None,None,2025-11-12,annual,-0.6,EUR,pre-market,3645413,-6133174,-0.321,-0.538,0.0,0.0,668121,None,None,None,20.38,24.18,11.1769,4796191,4796191,138836,138836,0,60472,0,4657355,None,29.8,11.51
2025-12-28,PHVS,-3.42,0.0,None,-2.8,5.66,42977,None,4795135,4795135,101200801,-42977,None,None,None,None,None,None,100928,30519276,None,None,None,60472,None,None,1056,None,None,-380,7401,None,None,None,0.0,0.0755,-4313534,-4313914,-0.6755,2020-12-31,None,0.0,None,-4313914,380,None,None,None,0,None,None,None,None,None,None,None,-26068955,-4313914,0,None,0.0,-21499593,4313534,-4313534,None,77428,None,None,None,None,None,None,None,4.544,None,None,None,None,None,None,None,0.0,None,None,2025-11-12,annual,-0.6,EUR,pre-market,3645413,-6133174,-0.321,-0.538,0.0,0.0,668121,None,None,None,20.38,24.18,11.1769,4796191,4796191,138836,138836,0,60472,0,4657355,None,29.8,11.51
2025-12-28,PHVS,-3.42,0.0,None,-2.8,5.66,13476,None,4795135,4795135,21631526,-13476,None,None,3583,None,None,None,100928,30519276,None,None,None,60472,None,None,1056,None,None,-380,549,None,None,None,0.0,0.0755,-4313534,-4313914,-0.6755,2019-12-31,None,0.0,None,-4313914,380,None,None,None,0,None,None,None,None,None,None,None,-8027162,-4313914,0,None,0.0,-6677011,4313534,-4313534,None,77428,None,None,None,None,None,None,None,4.544,None,None,None,None,None,None,None,0.0,None,None,2025-11-12,annual,-0.6,EUR,pre-market,3645413,-6133174,-0.321,-0.538,0.0,0.0,668121,None,None,None,20.38,24.18,11.1769,4796191,4796191,138836,138836,0,60472,0,4657355,None,29.8,11.51
2025-12-28,PHVS,-3.42,0.0,None,-2.8,5.66,13476,None,4795135,4795135,4508851,-13476,None,None,None,None,None,None,100928,30519276,None,None,None,60472,None,None,1056,None,None,-380,549,None,None,None,0.0,0.0755,-4313534,-4313914,-0.6755,2018-12-31,None,0.0,None,-4313914,380,None,None,None,0,None,None,None,None,None,None,None,-4313914,-4313914,0,None,0.0,-3918653,4313534,-4313534,None,77428,None,None,None,None,None,None,None,4.544,None,None,None,None,None,None,None,0.0,None,None,2025-11-12,annual,-0.6,EUR,pre-market,3645413,-6133174,-0.321,-0.538,0.0,0.0,668121,None,None,None,20.38,24.18,11.1769,4796191,4796191,138836,138836,0,60472,0,4657355,None,29.8,11.51
