date,symbol,signal_type,reason,available_capital,required_capital
1997-05-02,NEE,BUY,"Insufficient capital for even 50% position (available: 10000.00, min required: 10759.35)",10000.0,21518.702563742703
1997-07-30,NEE,BUY,"Insufficient capital for even 50% position (available: 10000.00, min required: 12135.56)",10000.0,24271.128797766552
1997-12-08,JPM,BUY,"Insufficient capital for even 50% position (available: 221.14, min required: 5821.74)",221.14190603953648,11643.480911756233
1997-12-16,XOM,BUY,"Insufficient capital for even 50% position (available: 221.14, min required: 6811.92)",221.14190603953648,13623.844923232973
1998-02-09,NEE,BUY,"Insufficient capital for even 50% position (available: 9488.35, min required: 11576.67)",9488.352171985887,23153.333105566155
1998-05-19,JPM,BUY,"Insufficient capital for even 50% position (available: 4242.71, min required: 6506.03)",4242.709714570769,13012.06451085905
1998-06-01,NEE,BUY,"Insufficient capital for even 50% position (available: 8989.26, min required: 10281.72)",8989.25901018582,20563.431616952286
1998-06-22,LLY,BUY,"Insufficient capital for even 50% position (available: 3300.59, min required: 8605.93)",3300.592346795659,17211.866170356265
1998-06-25,JPM,BUY,"Insufficient capital for even 50% position (available: 3300.59, min required: 9552.01)",3300.592346795659,19104.012910285688
1998-07-02,XOM,BUY,"Insufficient capital for even 50% position (available: 3300.59, min required: 16493.64)",3300.592346795659,32987.280560694904
1998-08-20,XOM,BUY,"Insufficient capital for even 50% position (available: 3300.59, min required: 12723.00)",3300.592346795659,25446.00191386023
1998-08-24,NEE,BUY,"Insufficient capital for even 50% position (available: 3300.59, min required: 21904.65)",3300.592346795659,43809.29268498079
1998-09-23,SPGI,BUY,"Insufficient capital for even 50% position (available: 607.27, min required: 10542.92)",607.268102007949,21085.849592470586
1998-10-01,XOM,BUY,"Insufficient capital for even 50% position (available: 607.27, min required: 9465.76)",607.268102007949,18931.511784434635
1998-10-07,AMZN,BUY,"Insufficient capital for even 50% position (available: 607.27, min required: 2501.27)",607.268102007949,5002.535090958813
1998-12-18,XOM,BUY,"Insufficient capital for even 50% position (available: 8170.90, min required: 13240.95)",8170.900860549432,26481.893161160508
1998-12-31,CAT,BUY,"Insufficient capital for even 50% position (available: 8170.90, min required: 8351.01)",8170.900860549432,16702.019049785522
1999-01-04,MCK,BUY,"Insufficient capital for even 50% position (available: 8170.90, min required: 10790.93)",8170.900860549432,21581.852766075295
1999-01-27,LLY,BUY,"Insufficient capital for even 50% position (available: 8170.90, min required: 8207.18)",8170.900860549432,16414.36689383904
1999-02-09,XOM,BUY,"Insufficient capital for even 50% position (available: 8170.90, min required: 14935.82)",8170.900860549432,29871.647409018024
1999-03-01,CAT,BUY,"Insufficient capital for even 50% position (available: 3002.33, min required: 10589.52)",3002.3290455375873,21179.03258327421
1999-03-05,NEE,BUY,"Insufficient capital for even 50% position (available: 3002.33, min required: 15267.75)",3002.3290455375873,30535.50166618285
1999-03-10,XOM,BUY,"Insufficient capital for even 50% position (available: 3002.33, min required: 15491.48)",3002.3290455375873,30982.95884097664
1999-03-17,MCK,BUY,"Insufficient capital for even 50% position (available: 3002.33, min required: 7287.85)",3002.3290455375873,14575.690310062959
1999-04-15,XOM,BUY,"Insufficient capital for even 50% position (available: 14495.53, min required: 16573.06)",14495.531465385258,33146.12447683756
1999-04-27,NEE,BUY,"Insufficient capital for even 50% position (available: 14495.53, min required: 21742.24)",14495.531465385258,43484.48223478588
1999-07-01,LLY,BUY,"Insufficient capital for even 50% position (available: 181.07, min required: 10152.11)",181.07135515271148,20304.220236893627
1999-07-15,AMZN,BUY,"Insufficient capital for even 50% position (available: 181.07, min required: 5188.23)",181.07135515271148,10376.465982564067
1999-10-04,LLY,BUY,"Insufficient capital for even 50% position (available: 41.80, min required: 12152.84)",41.7983529788271,24305.675430173567
1999-10-08,SPGI,BUY,"Insufficient capital for even 50% position (available: 41.80, min required: 16558.60)",41.7983529788271,33117.20270355335
1999-10-22,JPM,BUY,"Insufficient capital for even 50% position (available: 41.80, min required: 10501.73)",41.7983529788271,21003.468328668183
2000-01-06,CAT,BUY,"Insufficient capital for even 50% position (available: 3305.09, min required: 9976.22)",3305.0878638289287,19952.447988256667
2000-01-11,XOM,BUY,"Insufficient capital for even 50% position (available: 3305.09, min required: 15197.83)",3305.0878638289287,30395.668124273514
2000-01-13,NEE,BUY,"Insufficient capital for even 50% position (available: 3305.09, min required: 17949.74)",3305.0878638289287,35899.48062315732
2000-03-23,LLY,BUY,"Insufficient capital for even 50% position (available: 6150.31, min required: 7751.76)",6150.309211502432,15503.511274296645
2000-03-29,MCK,BUY,"Insufficient capital for even 50% position (available: 6150.31, min required: 8474.13)",6150.309211502432,16948.265177895744
2000-04-12,XOM,BUY,"Insufficient capital for even 50% position (available: 2439.57, min required: 9357.60)",2439.569806849794,18715.190485424486
2000-06-06,MCK,BUY,"Insufficient capital for even 50% position (available: 2738.57, min required: 7069.59)",2738.5691012335737,14139.176754538878
2000-07-20,JPM,BUY,"Insufficient capital for even 50% position (available: 1010.50, min required: 6437.42)",1010.498840104885,12874.831713193618
2000-10-31,CAT,BUY,"Insufficient capital for even 50% position (available: 46.82, min required: 6582.37)",46.81947901220701,13164.731290003894
2000-11-02,JPM,BUY,"Insufficient capital for even 50% position (available: 46.82, min required: 4912.92)",46.81947901220701,9825.840647374318
2000-11-02,SPGI,BUY,"Insufficient capital for even 50% position (available: 46.82, min required: 9988.20)",46.81947901220701,19976.40979135106
2000-11-09,MCK,BUY,"Insufficient capital for even 50% position (available: 46.82, min required: 6092.85)",46.81947901220701,12185.70627707976
2000-11-16,AMZN,BUY,"Insufficient capital for even 50% position (available: 46.82, min required: 1866.96)",46.81947901220701,3733.9125471745215
2000-11-22,XOM,BUY,"Insufficient capital for even 50% position (available: 46.82, min required: 11016.76)",46.81947901220701,22033.510138215002
2000-12-29,SPGI,BUY,"Insufficient capital for even 50% position (available: 4253.63, min required: 8140.92)",4253.632537733136,16281.843185474983
2001-02-02,MCK,BUY,"Insufficient capital for even 50% position (available: 1496.83, min required: 7672.71)",1496.8312267293236,15345.419685265852
2001-02-06,XOM,BUY,"Insufficient capital for even 50% position (available: 1496.83, min required: 12685.78)",1496.8312267293236,25371.558601351702
2001-02-16,NEE,BUY,"Insufficient capital for even 50% position (available: 4235.81, min required: 10034.14)",4235.813647986339,20068.270353821372
2001-04-10,XOM,BUY,"Insufficient capital for even 50% position (available: 10307.66, min required: 11145.98)",10307.655170009497,22291.96249273316
2001-06-05,NEE,BUY,"Insufficient capital for even 50% position (available: 2030.37, min required: 17076.40)",2030.365049912818,34152.807247136145
2001-07-27,LLY,BUY,"Insufficient capital for even 50% position (available: 10421.13, min required: 12152.47)",10421.13339526896,24304.948584175585
2001-10-05,XOM,BUY,"Insufficient capital for even 50% position (available: 6076.10, min required: 8092.02)",6076.099083832305,16184.043684814807
2001-10-26,SPGI,BUY,"Insufficient capital for even 50% position (available: 6076.10, min required: 9134.58)",6076.099083832305,18269.161950849364
2001-11-06,NEE,BUY,"Insufficient capital for even 50% position (available: 6076.10, min required: 13757.94)",6076.099083832305,27515.875929789923
2001-11-07,LLY,BUY,"Insufficient capital for even 50% position (available: 6076.10, min required: 11660.84)",6076.099083832305,23321.68432355489
2001-11-08,CAT,BUY,"Insufficient capital for even 50% position (available: 6076.10, min required: 8590.78)",6076.099083832305,17181.564960277028
2001-12-27,XOM,BUY,"Insufficient capital for even 50% position (available: 10481.22, min required: 11708.15)",10481.224442840507,23416.301306887046
2002-03-04,NEE,BUY,"Insufficient capital for even 50% position (available: 8276.19, min required: 16508.86)",8276.192314284763,33017.71967232771
2002-03-07,LLY,BUY,"Insufficient capital for even 50% position (available: 8276.19, min required: 13413.93)",8276.192314284763,26827.869185564003
2002-03-14,MCK,BUY,"Insufficient capital for even 50% position (available: 8276.19, min required: 8361.21)",8276.192314284763,16722.418795200094
2002-05-16,SPGI,BUY,"Insufficient capital for even 50% position (available: 6301.33, min required: 14561.02)",6301.333767112045,29122.048858569247
2002-08-09,LLY,BUY,"Insufficient capital for even 50% position (available: 293.17, min required: 5052.90)",293.17422102092314,10105.79974814922
2002-08-09,NEE,BUY,"Insufficient capital for even 50% position (available: 293.17, min required: 6533.76)",293.17422102092314,13067.52698255485
2002-08-12,XOM,BUY,"Insufficient capital for even 50% position (available: 293.17, min required: 5481.71)",293.17422102092314,10963.422616988988
2002-09-03,AMZN,BUY,"Insufficient capital for even 50% position (available: 293.17, min required: 4191.61)",293.17422102092314,8383.219235980618
2002-10-15,MCK,BUY,"Insufficient capital for even 50% position (available: 4085.07, min required: 5581.01)",4085.0663261766367,11162.028330456042
2002-10-15,SPGI,BUY,"Insufficient capital for even 50% position (available: 4085.07, min required: 7130.01)",4085.0663261766367,14260.015206743015
2002-10-15,XOM,BUY,"Insufficient capital for even 50% position (available: 4085.07, min required: 6664.87)",4085.0663261766367,13329.749500506407
2002-10-17,CAT,BUY,"Insufficient capital for even 50% position (available: 4085.07, min required: 5859.26)",4085.0663261766367,11718.512269539611
2002-11-11,LLY,BUY,"Insufficient capital for even 50% position (available: 4085.07, min required: 6765.01)",4085.0663261766367,13530.025291316595
2002-11-27,NEE,BUY,"Insufficient capital for even 50% position (available: 4085.07, min required: 11403.69)",4085.0663261766367,22807.386110973675
2003-03-21,SPGI,BUY,"Insufficient capital for even 50% position (available: 1069.01, min required: 9258.80)",1069.0058493873694,18517.592117641863
2003-03-26,LLY,BUY,"Insufficient capital for even 50% position (available: 1069.01, min required: 8706.08)",1069.0058493873694,17412.16054415284
2003-04-02,AMZN,BUY,"Insufficient capital for even 50% position (available: 1069.01, min required: 7018.53)",1069.0058493873694,14037.061269337699
2003-04-02,NFLX,BUY,"Insufficient capital for even 50% position (available: 1069.01, min required: 4134.26)",1069.0058493873694,8268.516799434396
2003-04-09,GRMN,BUY,"Insufficient capital for even 50% position (available: 1069.01, min required: 8580.72)",1069.0058493873694,17161.44144948926
2003-04-17,NVDA,BUY,"Insufficient capital for even 50% position (available: 1069.01, min required: 6465.71)",1069.0058493873694,12931.426524654464
2003-05-01,MCK,BUY,"Insufficient capital for even 50% position (available: 1069.01, min required: 8306.37)",1069.0058493873694,16612.743685449423
2003-06-12,GRMN,BUY,"Insufficient capital for even 50% position (available: 1069.01, min required: 10930.96)",1069.0058493873694,21861.91243986424
2003-06-12,LLY,BUY,"Insufficient capital for even 50% position (available: 1069.01, min required: 12637.96)",1069.0058493873694,25275.92366056962
2003-06-17,NVDA,BUY,"Insufficient capital for even 50% position (available: 1069.01, min required: 6553.27)",1069.0058493873694,13106.531346876374
2003-07-15,AMZN,BUY,"Insufficient capital for even 50% position (available: 1069.01, min required: 10307.53)",1069.0058493873694,20615.06541503806
2003-08-12,XOM,BUY,"Insufficient capital for even 50% position (available: 8998.70, min required: 22002.27)",8998.69806589105,44004.54378230784
2003-08-27,LLY,BUY,"Insufficient capital for even 50% position (available: 8998.70, min required: 19286.43)",8998.69806589105,38572.86948859523
2003-09-04,MCK,BUY,"Insufficient capital for even 50% position (available: 8998.70, min required: 21542.60)",8998.69806589105,43085.19574830304
2003-09-05,SPGI,BUY,"Insufficient capital for even 50% position (available: 8998.70, min required: 28903.30)",8998.69806589105,57806.60518201213
2003-09-19,JPM,BUY,"Insufficient capital for even 50% position (available: 8998.70, min required: 21237.21)",8998.69806589105,42474.42675987374
2003-09-29,NEE,BUY,"Insufficient capital for even 50% position (available: 8998.70, min required: 36585.92)",8998.69806589105,73171.84293448963
2003-10-02,CAT,BUY,"Insufficient capital for even 50% position (available: 8998.70, min required: 22394.49)",8998.69806589105,44788.971071770065
2003-10-02,LLY,BUY,"Insufficient capital for even 50% position (available: 8998.70, min required: 21561.64)",8998.69806589105,43123.27323472618
2003-10-10,XOM,BUY,"Insufficient capital for even 50% position (available: 8998.70, min required: 35904.90)",8998.69806589105,71809.80202624934
2003-11-03,NVDA,BUY,"Insufficient capital for even 50% position (available: 8998.70, min required: 15132.76)",8998.69806589105,30265.527340073262
2003-11-10,AMZN,BUY,"Insufficient capital for even 50% position (available: 8998.70, min required: 14587.68)",8998.69806589105,29175.35610501305
2003-12-05,CAT,BUY,"Insufficient capital for even 50% position (available: 15786.60, min required: 28580.85)",15786.604822788526,57161.70830516023
2003-12-05,MCK,BUY,"Insufficient capital for even 50% position (available: 15786.60, min required: 22267.49)",15786.604822788526,44534.97956181336
2003-12-08,XOM,BUY,"Insufficient capital for even 50% position (available: 15786.60, min required: 34388.65)",15786.604822788526,68777.30368855025
2003-12-26,JPM,BUY,"Insufficient capital for even 50% position (available: 15786.60, min required: 45071.92)",15786.604822788526,90143.84374741047
2003-12-31,GRMN,BUY,"Insufficient capital for even 50% position (available: 15786.60, min required: 15973.77)",15786.604822788526,31947.548409014395
2004-01-07,AMZN,BUY,"Insufficient capital for even 50% position (available: 15786.60, min required: 17695.90)",15786.604822788526,35391.80186632746
2004-01-09,NVDA,BUY,"Insufficient capital for even 50% position (available: 15786.60, min required: 17093.01)",15786.604822788526,34186.02801538489
2004-02-06,GRMN,BUY,"Insufficient capital for even 50% position (available: 15786.60, min required: 19194.28)",15786.604822788526,38388.56426981238
2004-02-06,LLY,BUY,"Insufficient capital for even 50% position (available: 15786.60, min required: 35971.99)",15786.604822788526,71943.97421072585
2004-04-12,LLY,BUY,"Insufficient capital for even 50% position (available: 2545.46, min required: 30985.25)",2545.457002851341,61970.50666792263
2004-04-28,NFLX,BUY,"Insufficient capital for even 50% position (available: 6218.53, min required: 7950.17)",6218.52866521939,15900.3457414307
2004-06-02,NEE,BUY,"Insufficient capital for even 50% position (available: 31816.53, min required: 36500.45)",31816.529785746396,73000.8920051731
2004-06-18,JPM,BUY,"Insufficient capital for even 50% position (available: 6145.06, min required: 31944.68)",6145.063330815909,63889.3661881095
2004-06-23,AMZN,BUY,"Insufficient capital for even 50% position (available: 6145.06, min required: 17605.78)",6145.063330815909,35211.560613323505
2004-06-28,NFLX,BUY,"Insufficient capital for even 50% position (available: 6145.06, min required: 12976.61)",6145.063330815909,25953.21029398728
2004-07-19,NEE,BUY,"Insufficient capital for even 50% position (available: 29260.27, min required: 47752.73)",29260.266805518637,95505.4621973208
2004-08-19,JPM,BUY,"Insufficient capital for even 50% position (available: 29260.27, min required: 29272.64)",29260.266805518637,58545.28134378924
2004-09-02,SPGI,BUY,"Insufficient capital for even 50% position (available: 29260.27, min required: 35169.74)",29260.266805518637,70339.47977201076
2004-09-17,CAT,BUY,"Insufficient capital for even 50% position (available: 9382.28, min required: 31712.05)",9382.284247395466,63424.09206809777
2004-11-03,LLY,BUY,"Insufficient capital for even 50% position (available: 2619.57, min required: 15640.57)",2619.5725961588214,31281.14866859626
2004-11-18,NFLX,BUY,"Insufficient capital for even 50% position (available: 2619.57, min required: 7470.75)",2619.5725961588214,14941.492998294656
2004-12-14,NEE,BUY,"Insufficient capital for even 50% position (available: 2619.57, min required: 42907.46)",2619.5725961588214,85814.9111056896
2004-12-15,AMZN,BUY,"Insufficient capital for even 50% position (available: 2619.57, min required: 18509.09)",2619.5725961588214,37018.178716554656
2004-12-15,JPM,BUY,"Insufficient capital for even 50% position (available: 2619.57, min required: 38773.59)",2619.5725961588214,77547.17927836296
2004-12-22,NVDA,BUY,"Insufficient capital for even 50% position (available: 2619.57, min required: 13504.27)",2619.5725961588214,27008.534053941457
2004-12-29,GRMN,BUY,"Insufficient capital for even 50% position (available: 2619.57, min required: 19736.72)",2619.5725961588214,39473.44103437651
2005-01-31,NEE,BUY,"Insufficient capital for even 50% position (available: 31397.33, min required: 40338.01)",31397.326292847112,80676.01117953134
2005-02-01,XOM,BUY,"Insufficient capital for even 50% position (available: 31397.33, min required: 35656.52)",31397.326292847112,71313.03749218977
2005-02-28,CAT,BUY,"Insufficient capital for even 50% position (available: 3788.77, min required: 28108.45)",3788.767740220701,56216.89285615035
2005-03-24,NVDA,BUY,"Insufficient capital for even 50% position (available: 3788.77, min required: 13698.03)",3788.767740220701,27396.05885436714
2005-06-29,AMZN,BUY,"Insufficient capital for even 50% position (available: 5408.63, min required: 22773.36)",5408.634648947838,45546.723311591646
2005-07-14,JPM,BUY,"Insufficient capital for even 50% position (available: 5408.63, min required: 41575.27)",5408.634648947838,83150.54433651603
2005-07-15,CAT,BUY,"Insufficient capital for even 50% position (available: 5408.63, min required: 29650.49)",5408.634648947838,59300.98145964162
2005-09-02,LLY,BUY,"Insufficient capital for even 50% position (available: 30387.87, min required: 34210.02)",30387.865984747685,68420.03671641658
2005-09-29,MCK,BUY,"Insufficient capital for even 50% position (available: 28738.03, min required: 34127.67)",28738.027788266114,68255.33048677332
2005-10-21,JPM,BUY,"Insufficient capital for even 50% position (available: 28738.03, min required: 30202.23)",28738.027788266114,60404.46863127837
2005-10-31,SPGI,BUY,"Insufficient capital for even 50% position (available: 11417.04, min required: 26340.55)",11417.036742596702,52681.10038489475
2005-11-11,CAT,BUY,"Insufficient capital for even 50% position (available: 11417.04, min required: 22210.68)",11417.036742596702,44421.36851019974
2005-11-15,MCK,BUY,"Insufficient capital for even 50% position (available: 11417.04, min required: 29569.27)",11417.036742596702,59138.54714020418
2005-11-22,NEE,BUY,"Insufficient capital for even 50% position (available: 11417.04, min required: 27425.74)",11417.036742596702,54851.47731163613
2005-12-02,LLY,BUY,"Insufficient capital for even 50% position (available: 11417.04, min required: 32386.70)",11417.036742596702,64773.40675338637
2006-01-24,NEE,BUY,"Insufficient capital for even 50% position (available: 28376.19, min required: 30236.05)",28376.186871879443,60472.09887943059
2006-03-13,LLY,BUY,"Insufficient capital for even 50% position (available: 856.56, min required: 30744.46)",856.5585078974727,61488.92119191002
2006-03-29,XOM,BUY,"Insufficient capital for even 50% position (available: 856.56, min required: 38522.53)",856.5585078974727,77045.06563960071
2006-04-10,AMZN,BUY,"Insufficient capital for even 50% position (available: 856.56, min required: 20458.22)",856.5585078974727,40916.4392460569
2006-04-18,NFLX,BUY,"Insufficient capital for even 50% position (available: 856.56, min required: 17853.80)",856.5585078974727,35707.59085267156
2006-05-10,GRMN,BUY,"Insufficient capital for even 50% position (available: 856.56, min required: 18741.55)",856.5585078974727,37483.10470352327
2006-06-15,LLY,BUY,"Insufficient capital for even 50% position (available: 4885.08, min required: 30264.73)",4885.078922095054,60529.469643767785
2006-06-29,CAT,BUY,"Insufficient capital for even 50% position (available: 4885.08, min required: 19470.83)",4885.078922095054,38941.65364010221
2006-06-29,XOM,BUY,"Insufficient capital for even 50% position (available: 4885.08, min required: 23617.00)",4885.078922095054,47234.001887397026
2006-07-06,JPM,BUY,"Insufficient capital for even 50% position (available: 4885.08, min required: 23430.21)",4885.078922095054,46860.428814906256
2006-07-20,MCK,BUY,"Insufficient capital for even 50% position (available: 8392.50, min required: 23164.41)",8392.501301378365,46328.815673011544
2006-07-26,SPGI,BUY,"Insufficient capital for even 50% position (available: 8392.50, min required: 20117.73)",8392.501301378365,40235.46069716193
2006-09-22,AMZN,BUY,"Insufficient capital for even 50% position (available: 3562.13, min required: 11646.99)",3562.1280764415096,23293.985188754974
2006-09-22,GRMN,BUY,"Insufficient capital for even 50% position (available: 3562.13, min required: 12015.65)",3562.1280764415096,24031.291955530673
2006-11-08,AMZN,BUY,"Insufficient capital for even 50% position (available: 966.98, min required: 16997.47)",966.978461321316,33994.948002982484
2006-11-21,NVDA,BUY,"Insufficient capital for even 50% position (available: 966.98, min required: 12166.87)",966.978461321316,24333.74062280291
2006-12-05,GRMN,BUY,"Insufficient capital for even 50% position (available: 966.98, min required: 14783.48)",966.978461321316,29566.968742765323
2006-12-13,MCK,BUY,"Insufficient capital for even 50% position (available: 966.98, min required: 22380.54)",966.978461321316,44761.08081925116
2007-02-01,LLY,BUY,"Insufficient capital for even 50% position (available: 24564.43, min required: 30973.23)",24564.425960533263,61946.467120224646
2007-04-02,LLY,BUY,"Insufficient capital for even 50% position (available: 24564.43, min required: 28717.66)",24564.425960533263,57435.329430435726
2007-09-27,MCK,BUY,"Insufficient capital for even 50% position (available: 489.73, min required: 19957.59)",489.7272422635979,39915.17017428672
2007-10-04,SPGI,BUY,"Insufficient capital for even 50% position (available: 489.73, min required: 12878.65)",489.7272422635979,25757.308198756535
2007-10-30,AMZN,BUY,"Insufficient capital for even 50% position (available: 489.73, min required: 13570.45)",489.7272422635979,27140.89876676185
2007-12-18,LLY,BUY,"Insufficient capital for even 50% position (available: 8906.02, min required: 22879.60)",8906.023077639435,45759.204069353895
2008-01-08,NEE,BUY,"Insufficient capital for even 50% position (available: 3793.19, min required: 17211.61)",3793.1908074041785,34423.21107903652
2008-02-01,CAT,BUY,"Insufficient capital for even 50% position (available: 7553.49, min required: 11397.31)",7553.490427932025,22794.61957066781
2008-04-02,NEE,BUY,"Insufficient capital for even 50% position (available: 8656.53, min required: 14570.56)",8656.533700258144,29141.118077286297
2008-04-02,SPGI,BUY,"Insufficient capital for even 50% position (available: 8656.53, min required: 10113.68)",8656.533700258144,20227.359765065252
2008-04-07,LLY,BUY,"Insufficient capital for even 50% position (available: 8656.53, min required: 18255.58)",8656.533700258144,36511.163954723954
2008-04-07,XOM,BUY,"Insufficient capital for even 50% position (available: 8656.53, min required: 15940.80)",8656.533700258144,31881.607473574
2008-05-06,MCK,BUY,"Insufficient capital for even 50% position (available: 11050.90, min required: 12731.50)",11050.902241686335,25462.99387295804
2008-05-20,XOM,BUY,"Insufficient capital for even 50% position (available: 11050.90, min required: 21530.71)",11050.902241686335,43061.41228208014
2008-06-05,SPGI,BUY,"Insufficient capital for even 50% position (available: 11050.90, min required: 12212.24)",11050.902241686335,24424.47942849971
2008-07-22,CAT,BUY,"Insufficient capital for even 50% position (available: 10216.99, min required: 12090.00)",10216.988709565048,24179.99436911652
2008-07-31,SPGI,BUY,"Insufficient capital for even 50% position (available: 10216.99, min required: 10629.96)",10216.988709565048,21259.91499656587
2008-08-15,LLY,BUY,"Insufficient capital for even 50% position (available: 10216.99, min required: 18715.93)",10216.988709565048,37431.86960789846
2008-12-09,CAT,BUY,"Insufficient capital for even 50% position (available: 3669.25, min required: 3872.45)",3669.254508921832,7744.9071005665055
2008-12-10,LLY,BUY,"Insufficient capital for even 50% position (available: 3669.25, min required: 5095.49)",3669.254508921832,10190.98029628459
2009-01-12,AMZN,BUY,"Insufficient capital for even 50% position (available: 1116.90, min required: 4333.03)",1116.9034225652413,8666.05261397212
2009-01-13,GRMN,BUY,"Insufficient capital for even 50% position (available: 1116.90, min required: 3562.84)",1116.9034225652413,7125.672411029934
2009-01-29,NFLX,BUY,"Insufficient capital for even 50% position (available: 2939.73, min required: 4905.96)",2939.728341051092,9811.91206027678
2009-01-30,NEE,BUY,"Insufficient capital for even 50% position (available: 2939.73, min required: 7181.21)",2939.728341051092,14362.422822749291
2009-02-04,SPGI,BUY,"Insufficient capital for even 50% position (available: 2939.73, min required: 5145.02)",2939.728341051092,10290.037245882855
2009-02-25,AMZN,BUY,"Insufficient capital for even 50% position (available: 2939.73, min required: 5133.06)",2939.728341051092,10266.11581894889
2009-03-18,LLY,BUY,"Insufficient capital for even 50% position (available: 2998.25, min required: 7011.97)",2998.252651637499,14023.93627644263
2009-03-18,NEE,BUY,"Insufficient capital for even 50% position (available: 2998.25, min required: 7574.96)",2998.252651637499,15149.92128631791
2009-03-19,CAT,BUY,"Insufficient capital for even 50% position (available: 2998.25, min required: 4049.52)",2998.252651637499,8099.032100337856
2009-03-24,SPGI,BUY,"Insufficient capital for even 50% position (available: 2998.25, min required: 4835.11)",2998.252651637499,9670.221911594563
2009-03-26,XOM,BUY,"Insufficient capital for even 50% position (available: 2998.25, min required: 7999.16)",2998.252651637499,15998.312852171028
2009-04-13,GRMN,BUY,"Insufficient capital for even 50% position (available: 2998.25, min required: 6209.98)",2998.252651637499,12419.952544899328
2009-04-23,AMZN,BUY,"Insufficient capital for even 50% position (available: 2998.25, min required: 8246.12)",2998.252651637499,16492.23048644861
2009-04-23,TMUS,BUY,"Insufficient capital for even 50% position (available: 2998.25, min required: 6608.55)",2998.252651637499,13217.09789259081
2009-04-28,NFLX,BUY,"Insufficient capital for even 50% position (available: 2998.25, min required: 5804.39)",2998.252651637499,11608.7774662148
2009-05-05,MCK,BUY,"Insufficient capital for even 50% position (available: 2998.25, min required: 8176.45)",2998.252651637499,16352.909246983421
2009-05-08,XOM,BUY,"Insufficient capital for even 50% position (available: 10021.56, min required: 12398.20)",10021.558748450056,24796.404610742524
2009-06-01,NEE,BUY,"Insufficient capital for even 50% position (available: 10021.56, min required: 10676.02)",10021.558748450056,21352.044206391653
2009-07-17,SPGI,BUY,"Insufficient capital for even 50% position (available: 6694.33, min required: 10187.11)",6694.331097456834,20374.212988399628
2009-07-20,CAT,BUY,"Insufficient capital for even 50% position (available: 6694.33, min required: 8881.15)",6694.331097456834,17762.3004622494
2009-07-21,XOM,BUY,"Insufficient capital for even 50% position (available: 6694.33, min required: 14834.66)",6694.331097456834,29669.323728538955
2009-08-11,GRMN,BUY,"Insufficient capital for even 50% position (available: 6694.33, min required: 8042.44)",6694.331097456834,16084.874540977133
2009-08-25,XOM,BUY,"Insufficient capital for even 50% position (available: 6694.33, min required: 19192.23)",6694.331097456834,38384.46282648996
2009-08-26,SPGI,BUY,"Insufficient capital for even 50% position (available: 6694.33, min required: 10418.81)",6694.331097456834,20837.612350160656
2009-09-08,NFLX,BUY,"Insufficient capital for even 50% position (available: 6694.33, min required: 11178.75)",6694.331097456834,22357.502025482318
2009-09-29,TMUS,BUY,"Insufficient capital for even 50% position (available: 6694.33, min required: 6970.56)",6694.331097456834,13941.117501062821
2009-09-30,GRMN,BUY,"Insufficient capital for even 50% position (available: 6694.33, min required: 10925.59)",6694.331097456834,21851.187008400822
2009-10-12,LLY,BUY,"Insufficient capital for even 50% position (available: 2937.48, min required: 25254.29)",2937.4766476843542,50508.58771650057
2009-10-12,XOM,BUY,"Insufficient capital for even 50% position (available: 2937.48, min required: 23618.57)",2937.4766476843542,47237.13703381599
2009-10-19,CAT,BUY,"Insufficient capital for even 50% position (available: 2937.48, min required: 13273.35)",2937.4766476843542,26546.694794953655
2009-10-23,NVDA,BUY,"Insufficient capital for even 50% position (available: 2937.48, min required: 9783.32)",2937.4766476843542,19566.645215996334
2009-12-04,NEE,BUY,"Insufficient capital for even 50% position (available: 2937.48, min required: 21681.02)",2937.4766476843542,43362.0446286073
2010-01-05,JPM,BUY,"Insufficient capital for even 50% position (available: 2937.48, min required: 21069.63)",2937.4766476843542,42139.2563887079
2010-01-20,LLY,BUY,"Insufficient capital for even 50% position (available: 2937.48, min required: 22893.32)",2937.4766476843542,45786.63367948797
2010-02-17,CAT,BUY,"Insufficient capital for even 50% position (available: 2937.48, min required: 13325.55)",2937.4766476843542,26651.101667376508
2010-03-01,JPM,BUY,"Insufficient capital for even 50% position (available: 2937.48, min required: 15825.07)",2937.4766476843542,31650.13689067074
2010-03-02,NEE,BUY,"Insufficient capital for even 50% position (available: 2937.48, min required: 22586.08)",2937.4766476843542,45172.150083794426
2010-03-05,MCK,BUY,"Insufficient capital for even 50% position (available: 2937.48, min required: 24525.69)",2937.4766476843542,49051.389914955274
2010-03-11,XOM,BUY,"Insufficient capital for even 50% position (available: 2937.48, min required: 33858.80)",2937.4766476843542,67717.6016655718
2010-03-12,LLY,BUY,"Insufficient capital for even 50% position (available: 2937.48, min required: 31106.24)",2937.4766476843542,62212.47806623355
2010-03-18,AMZN,BUY,"Insufficient capital for even 50% position (available: 2937.48, min required: 19891.08)",2937.4766476843542,39782.1531299346
2010-03-23,NFLX,BUY,"Insufficient capital for even 50% position (available: 2937.48, min required: 19037.87)",2937.4766476843542,38075.739552762556
2010-06-16,SPGI,BUY,"Insufficient capital for even 50% position (available: 11371.82, min required: 14254.43)",11371.823646291792,28508.854932314072
2010-06-21,CAT,BUY,"Insufficient capital for even 50% position (available: 11371.82, min required: 12655.84)",11371.823646291792,25311.68686145984
2010-06-24,LLY,BUY,"Insufficient capital for even 50% position (available: 11371.82, min required: 26492.19)",11371.823646291792,52984.37108400231
2010-08-03,XOM,BUY,"Insufficient capital for even 50% position (available: 2099.58, min required: 23142.67)",2099.5768785927066,46285.34888522436
2010-09-10,CAT,BUY,"Insufficient capital for even 50% position (available: 4362.94, min required: 15018.94)",4362.937691444855,30037.883331146124
2010-09-10,LLY,BUY,"Insufficient capital for even 50% position (available: 4362.94, min required: 26406.28)",4362.937691444855,52812.556232524636
2010-09-10,SPGI,BUY,"Insufficient capital for even 50% position (available: 4362.94, min required: 16486.09)",4362.937691444855,32972.17015134771
2010-09-16,MCK,BUY,"Insufficient capital for even 50% position (available: 4362.94, min required: 17288.18)",4362.937691444855,34576.3546457239
2010-09-20,XOM,BUY,"Insufficient capital for even 50% position (available: 4362.94, min required: 26301.05)",4362.937691444855,52602.1025474854
2010-09-22,AMZN,BUY,"Insufficient capital for even 50% position (available: 4362.94, min required: 18939.38)",4362.937691444855,37878.75399305773
2010-11-05,JPM,BUY,"Insufficient capital for even 50% position (available: 4362.94, min required: 17330.96)",4362.937691444855,34661.919453499395
2010-11-08,AMZN,BUY,"Insufficient capital for even 50% position (available: 4362.94, min required: 17639.96)",4362.937691444855,35279.91285011436
2010-12-06,NVDA,BUY,"Insufficient capital for even 50% position (available: 4362.94, min required: 17339.21)",4362.937691444855,34678.41916917901
2010-12-09,JPM,BUY,"Insufficient capital for even 50% position (available: 4362.94, min required: 21468.84)",4362.937691444855,42937.683877177245
2010-12-13,LLY,BUY,"Insufficient capital for even 50% position (available: 4362.94, min required: 40557.82)",4362.937691444855,81115.64889009704
2010-12-13,SPGI,BUY,"Insufficient capital for even 50% position (available: 4362.94, min required: 25816.81)",4362.937691444855,51633.627411767775
2011-01-07,NVDA,BUY,"Insufficient capital for even 50% position (available: 469.43, min required: 14276.22)",469.42949120637786,28552.440522750894
2011-01-11,NEE,BUY,"Insufficient capital for even 50% position (available: 469.43, min required: 34157.33)",469.42949120637786,68314.66029444705
2011-02-01,GRMN,BUY,"Insufficient capital for even 50% position (available: 469.43, min required: 22954.15)",469.42949120637786,45908.297540805375
2011-02-07,AMZN,BUY,"Insufficient capital for even 50% position (available: 469.43, min required: 21793.54)",469.42949120637786,43587.08854871477
2011-02-10,TMUS,BUY,"Insufficient capital for even 50% position (available: 469.43, min required: 21087.70)",469.42949120637786,42175.40400890396
2011-03-31,LLY,BUY,"Insufficient capital for even 50% position (available: 31624.64, min required: 47505.62)",31624.636983636763,95011.23412401573
2011-04-26,MCK,BUY,"Insufficient capital for even 50% position (available: 31624.64, min required: 36888.96)",31624.636983636763,73777.9103135271
2011-06-08,TMUS,BUY,"Insufficient capital for even 50% position (available: 6145.62, min required: 16135.10)",6145.6173589567625,32270.193319368358
2011-07-01,NEE,BUY,"Insufficient capital for even 50% position (available: 29785.81, min required: 41189.30)",29785.8140680011,82378.60409651544
2011-07-07,MCK,BUY,"Insufficient capital for even 50% position (available: 29785.81, min required: 38486.16)",29785.8140680011,76972.31771707328
2011-07-21,LLY,BUY,"Insufficient capital for even 50% position (available: 29785.81, min required: 32238.05)",29785.8140680011,64476.09037053097
2011-08-29,NEE,BUY,"Insufficient capital for even 50% position (available: 17275.56, min required: 21900.23)",17275.559725780782,43800.46492020809
2011-10-13,LLY,BUY,"Insufficient capital for even 50% position (available: 6811.87, min required: 22578.05)",6811.871984648267,45156.09673531082
2011-10-21,JPM,BUY,"Insufficient capital for even 50% position (available: 6811.87, min required: 10729.49)",6811.871984648267,21458.98649162746
2011-10-24,MCK,BUY,"Insufficient capital for even 50% position (available: 6811.87, min required: 20234.64)",6811.871984648267,40469.27830275556
2011-10-24,SPGI,BUY,"Insufficient capital for even 50% position (available: 6811.87, min required: 17121.14)",6811.871984648267,34242.2844482176
2011-10-27,NEE,BUY,"Insufficient capital for even 50% position (available: 6811.87, min required: 32037.42)",6811.871984648267,64074.843788790124
2011-12-05,XOM,BUY,"Insufficient capital for even 50% position (available: 6748.33, min required: 24205.51)",6748.326497726346,48411.01629005491
2011-12-06,AMZN,BUY,"Insufficient capital for even 50% position (available: 6748.33, min required: 12456.80)",6748.326497726346,24913.597317446496
2011-12-06,LLY,BUY,"Insufficient capital for even 50% position (available: 6748.33, min required: 27025.14)",6748.326497726346,54050.28166408479
2011-12-07,GRMN,BUY,"Insufficient capital for even 50% position (available: 6748.33, min required: 26481.72)",6748.326497726346,52963.44783381056
2012-02-10,AMZN,BUY,"Insufficient capital for even 50% position (available: 183.23, min required: 16792.49)",183.23391406723385,33584.970817584755
2012-02-14,NFLX,BUY,"Insufficient capital for even 50% position (available: 183.23, min required: 11042.27)",183.23391406723385,22084.542214990623
2012-02-22,XOM,BUY,"Insufficient capital for even 50% position (available: 183.23, min required: 38515.32)",183.23391406723385,77030.64964270777
2012-02-27,TMUS,BUY,"Insufficient capital for even 50% position (available: 183.23, min required: 15979.91)",183.23391406723385,31959.815764040944
2012-03-12,NEE,BUY,"Insufficient capital for even 50% position (available: 29752.98, min required: 47046.24)",29752.984272764294,94092.47680829788
2012-03-16,LLY,BUY,"Insufficient capital for even 50% position (available: 29752.98, min required: 48112.94)",29752.984272764294,96225.87868045994
2012-03-30,NVDA,BUY,"Insufficient capital for even 50% position (available: 4801.37, min required: 19753.96)",4801.373908444584,39507.91240732568
2012-04-27,XOM,BUY,"Insufficient capital for even 50% position (available: 27952.57, min required: 33333.47)",27952.565789629254,66666.93726018566
2012-06-15,MCK,BUY,"Insufficient capital for even 50% position (available: 10762.44, min required: 34221.88)",10762.438807289314,68443.76745386761
2012-06-19,XOM,BUY,"Insufficient capital for even 50% position (available: 10762.44, min required: 28532.82)",10762.438807289314,57065.64721703961
2012-06-21,JPM,BUY,"Insufficient capital for even 50% position (available: 10762.44, min required: 13608.26)",10762.438807289314,27216.529943482587
2012-07-02,SPGI,BUY,"Insufficient capital for even 50% position (available: 10762.44, min required: 23636.61)",10762.438807289314,47273.225667814666
2012-07-05,AMZN,BUY,"Insufficient capital for even 50% position (available: 10762.44, min required: 24392.24)",10762.438807289314,48784.47517215293
2012-07-23,NVDA,BUY,"Insufficient capital for even 50% position (available: 10762.44, min required: 13455.04)",10762.438807289314,26910.073673476305
2012-07-24,GRMN,BUY,"Insufficient capital for even 50% position (available: 10762.44, min required: 19222.37)",10762.438807289314,38444.73962406876
2012-09-25,NEE,BUY,"Insufficient capital for even 50% position (available: 25850.91, min required: 37761.13)",25850.910872723278,75522.26699478642
2012-10-09,MCK,BUY,"Insufficient capital for even 50% position (available: 25850.91, min required: 29841.23)",25850.910872723278,59682.45119142557
2012-12-05,GRMN,BUY,"Insufficient capital for even 50% position (available: 7346.61, min required: 18847.39)",7346.6140393953865,37694.777001281196
2012-12-05,SPGI,BUY,"Insufficient capital for even 50% position (available: 7346.61, min required: 21828.16)",7346.6140393953865,43656.31968642792
2012-12-06,NEE,BUY,"Insufficient capital for even 50% position (available: 7346.61, min required: 30506.16)",7346.6140393953865,61012.321136456696
2012-12-07,CAT,BUY,"Insufficient capital for even 50% position (available: 7346.61, min required: 20817.84)",7346.6140393953865,41635.67785190593
2012-12-07,JPM,BUY,"Insufficient capital for even 50% position (available: 7346.61, min required: 21074.87)",7346.6140393953865,42149.7305123547
2012-12-12,LLY,BUY,"Insufficient capital for even 50% position (available: 7346.61, min required: 22645.08)",7346.6140393953865,45290.16222356621
2012-12-28,AMZN,BUY,"Insufficient capital for even 50% position (available: 7346.61, min required: 18581.39)",7346.6140393953865,37162.77179213341
2013-01-04,LLY,BUY,"Insufficient capital for even 50% position (available: 7346.61, min required: 23718.93)",7346.6140393953865,47437.860060848994
2013-01-11,XOM,BUY,"Insufficient capital for even 50% position (available: 7346.61, min required: 34483.36)",7346.6140393953865,68966.71824669701
2013-02-06,GRMN,BUY,"Insufficient capital for even 50% position (available: 7346.61, min required: 32328.23)",7346.6140393953865,64656.455443883904
2013-03-04,MCK,BUY,"Insufficient capital for even 50% position (available: 7346.61, min required: 47640.31)",7346.6140393953865,95280.62176418306
2013-03-28,SPGI,BUY,"Insufficient capital for even 50% position (available: 7346.61, min required: 31485.93)",7346.6140393953865,62971.868690725685
2013-04-24,XOM,BUY,"Insufficient capital for even 50% position (available: 40282.80, min required: 52974.79)",40282.79925600838,105949.57855953024
2013-07-09,XOM,BUY,"Insufficient capital for even 50% position (available: 40282.80, min required: 53584.12)",40282.79925600838,107168.24439339536
2013-07-24,LLY,BUY,"Insufficient capital for even 50% position (available: 40282.80, min required: 40645.58)",40282.79925600838,81291.15062834312
2013-09-10,CAT,BUY,"Insufficient capital for even 50% position (available: 40282.80, min required: 41374.63)",40282.79925600838,82749.26416684143
2013-09-17,LLY,BUY,"Insufficient capital for even 50% position (available: 40282.80, min required: 53651.72)",40282.79925600838,107303.44461668933
2013-09-19,NEE,BUY,"Insufficient capital for even 50% position (available: 40282.80, min required: 40845.14)",40282.79925600838,81690.2886088246
2013-10-18,CAT,BUY,"Insufficient capital for even 50% position (available: 40282.80, min required: 47662.65)",40282.79925600838,95325.30283326322
2013-10-18,XOM,BUY,"Insufficient capital for even 50% position (available: 40282.80, min required: 64837.23)",40282.79925600838,129674.46649347486
2013-10-22,NEE,BUY,"Insufficient capital for even 50% position (available: 40282.80, min required: 43884.79)",40282.79925600838,87769.57585850901
2013-10-23,LLY,BUY,"Insufficient capital for even 50% position (available: 40282.80, min required: 43403.80)",40282.79925600838,86807.6044896625
2013-12-06,CAT,BUY,"Insufficient capital for even 50% position (available: 40282.80, min required: 54189.85)",40282.79925600838,108379.70233525158
2013-12-26,LLY,BUY,"Insufficient capital for even 50% position (available: 40282.80, min required: 50506.16)",40282.79925600838,101012.32933380904
2014-01-10,NEE,BUY,"Insufficient capital for even 50% position (available: 40282.80, min required: 51592.43)",40282.79925600838,103184.85760575265
2014-02-14,JPM,BUY,"Insufficient capital for even 50% position (available: 40282.80, min required: 41716.34)",40282.79925600838,83432.67930939328
2014-02-20,XOM,BUY,"Insufficient capital for even 50% position (available: 40282.80, min required: 41552.19)",40282.79925600838,83104.38767450223
2014-03-21,WDAY,BUY,"Insufficient capital for even 50% position (available: 361.89, min required: 17120.30)",361.88895413303544,34240.5967175182
2014-03-26,NFLX,BUY,"Insufficient capital for even 50% position (available: 361.89, min required: 18487.91)",361.88895413303544,36975.81817250125
2014-03-28,AMZN,BUY,"Insufficient capital for even 50% position (available: 361.89, min required: 24377.02)",361.88895413303544,48754.03668054924
2014-05-28,JPM,BUY,"Insufficient capital for even 50% position (available: 38142.42, min required: 45545.34)",38142.42340174946,91090.6721476522
2014-06-12,NVDA,BUY,"Insufficient capital for even 50% position (available: 10525.43, min required: 35430.01)",10525.434147293254,70860.02814156443
2014-06-13,TMUS,BUY,"Insufficient capital for even 50% position (available: 10525.43, min required: 27245.47)",10525.434147293254,54490.9361623317
2014-06-19,NEE,BUY,"Insufficient capital for even 50% position (available: 10525.43, min required: 46982.17)",10525.434147293254,93964.33607357914
2014-06-25,AMZN,BUY,"Insufficient capital for even 50% position (available: 10525.43, min required: 27437.58)",10525.434147293254,54875.16365614143
2014-07-07,MCK,BUY,"Insufficient capital for even 50% position (available: 10525.43, min required: 45719.73)",10525.434147293254,91439.46475265021
2014-07-30,XOM,BUY,"Insufficient capital for even 50% position (available: 37857.81, min required: 54100.87)",37857.80691824037,108201.73723769012
2014-08-14,CAT,BUY,"Insufficient capital for even 50% position (available: 2168.04, min required: 40716.14)",2168.035483944659,81432.28935096422
2014-08-22,JPM,BUY,"Insufficient capital for even 50% position (available: 2168.04, min required: 48421.24)",2168.035483944659,96842.47596325449
2014-08-25,NEE,BUY,"Insufficient capital for even 50% position (available: 2168.04, min required: 47216.26)",2168.035483944659,94432.52839644134
2014-08-29,NFLX,BUY,"Insufficient capital for even 50% position (available: 2168.04, min required: 32356.03)",2168.035483944659,64712.050105211165
2014-08-29,SPGI,BUY,"Insufficient capital for even 50% position (available: 2168.04, min required: 53361.14)",2168.035483944659,106722.28660662365
2014-09-03,LLY,BUY,"Insufficient capital for even 50% position (available: 2168.04, min required: 55945.76)",2168.035483944659,111891.5245342905
2014-09-04,GRMN,BUY,"Insufficient capital for even 50% position (available: 2168.04, min required: 29043.68)",2168.035483944659,58087.353004890065
2014-09-08,NVDA,BUY,"Insufficient capital for even 50% position (available: 2168.04, min required: 37454.89)",2168.035483944659,74909.77233077653
2014-09-10,AMZN,BUY,"Insufficient capital for even 50% position (available: 2168.04, min required: 31317.20)",2168.035483944659,62634.399254088305
2014-09-15,WDAY,BUY,"Insufficient capital for even 50% position (available: 2168.04, min required: 18993.20)",2168.035483944659,37986.40127436408
2015-04-13,JPM,BUY,"Insufficient capital for even 50% position (available: 38840.09, min required: 43387.86)",38840.093052844655,86775.71186635258
2015-04-21,NEE,BUY,"Insufficient capital for even 50% position (available: 38840.09, min required: 39966.05)",38840.093052844655,79932.10625544022
2015-05-18,MCK,BUY,"Insufficient capital for even 50% position (available: 38840.09, min required: 41612.93)",38840.093052844655,83225.85071498192
2015-05-20,LLY,BUY,"Insufficient capital for even 50% position (available: 38840.09, min required: 47196.28)",38840.093052844655,94392.55103002595
2015-06-17,NFLX,BUY,"Insufficient capital for even 50% position (available: 4244.04, min required: 29700.45)",4244.044849394544,59400.89084165301
2015-06-18,GRMN,BUY,"Insufficient capital for even 50% position (available: 4244.04, min required: 37377.33)",4244.044849394544,74754.6669808904
2015-07-08,NEE,BUY,"Insufficient capital for even 50% position (available: 37852.23, min required: 41286.07)",37852.23258685722,82572.1347036302
2015-07-16,MCK,BUY,"Insufficient capital for even 50% position (available: 37852.23, min required: 45060.31)",37852.23258685722,90120.62748237727
2015-07-16,SPGI,BUY,"Insufficient capital for even 50% position (available: 37852.23, min required: 44658.13)",37852.23258685722,89316.25834665063
2015-10-09,NEE,BUY,"Insufficient capital for even 50% position (available: 1370.57, min required: 37752.73)",1370.5665126566164,75505.45331031327
2015-10-09,NFLX,BUY,"Insufficient capital for even 50% position (available: 1370.57, min required: 12987.74)",1370.5665126566164,25975.48854867324
2015-10-09,TMUS,BUY,"Insufficient capital for even 50% position (available: 1370.57, min required: 21286.80)",1370.5665126566164,42573.594983547264
2015-10-14,SPGI,BUY,"Insufficient capital for even 50% position (available: 1370.57, min required: 28349.40)",1370.5665126566164,56698.79737835903
2015-10-22,JPM,BUY,"Insufficient capital for even 50% position (available: 1370.57, min required: 32857.20)",1370.5665126566164,65714.3909823685
2015-12-01,LLY,BUY,"Insufficient capital for even 50% position (available: 1370.57, min required: 32220.93)",1370.5665126566164,64441.86467425264
2016-01-06,WDAY,BUY,"Insufficient capital for even 50% position (available: 8962.80, min required: 24062.74)",8962.797149216247,48125.4823461738
2016-01-12,GRMN,BUY,"Insufficient capital for even 50% position (available: 8962.80, min required: 24354.57)",8962.797149216247,48709.14879771306
2016-02-18,PYPL,BUY,"Insufficient capital for even 50% position (available: 9044.42, min required: 14750.53)",9044.416299514338,29501.0647864923
2016-02-19,GRMN,BUY,"Insufficient capital for even 50% position (available: 9044.42, min required: 14357.36)",9044.416299514338,28714.72989119784
2016-02-19,TMUS,BUY,"Insufficient capital for even 50% position (available: 9044.42, min required: 13207.40)",9044.416299514338,26414.807386076933
2016-02-22,SPGI,BUY,"Insufficient capital for even 50% position (available: 9044.42, min required: 20086.68)",9044.416299514338,40173.365313808805
2016-02-23,WDAY,BUY,"Insufficient capital for even 50% position (available: 9044.42, min required: 9853.50)",9044.416299514338,19706.99841280647
2016-03-16,MCK,BUY,"Insufficient capital for even 50% position (available: 9044.42, min required: 21651.13)",9044.416299514338,43302.25686727185
2016-03-23,NFLX,BUY,"Insufficient capital for even 50% position (available: 9044.42, min required: 17142.92)",9044.416299514338,34285.84741255365
2016-03-28,PYPL,BUY,"Insufficient capital for even 50% position (available: 9044.42, min required: 18488.19)",9044.416299514338,36976.3760775715
2016-04-21,LLY,BUY,"Insufficient capital for even 50% position (available: 9044.42, min required: 33581.18)",9044.416299514338,67162.36724847532
2016-04-26,PYPL,BUY,"Insufficient capital for even 50% position (available: 9044.42, min required: 25117.83)",9044.416299514338,50235.66172510464
2016-05-10,NEE,BUY,"Insufficient capital for even 50% position (available: 9044.42, min required: 48195.04)",9044.416299514338,96390.08147044138
2016-05-19,MCK,BUY,"Insufficient capital for even 50% position (available: 9044.42, min required: 26709.64)",9044.416299514338,53419.274378932
2016-06-08,CAT,BUY,"Insufficient capital for even 50% position (available: 9044.42, min required: 37316.01)",9044.416299514338,74632.02212829635
2016-06-27,GRMN,BUY,"Insufficient capital for even 50% position (available: 9044.42, min required: 30719.97)",9044.416299514338,61439.94074497593
2016-06-27,TMUS,BUY,"Insufficient capital for even 50% position (available: 9044.42, min required: 29395.21)",9044.416299514338,58790.427056219385
2016-06-30,LLY,BUY,"Insufficient capital for even 50% position (available: 9044.42, min required: 35262.74)",9044.416299514338,70525.4719813668
2016-07-06,MCK,BUY,"Insufficient capital for even 50% position (available: 9044.42, min required: 33373.56)",9044.416299514338,66747.11462901096
2016-07-12,CAT,BUY,"Insufficient capital for even 50% position (available: 9044.42, min required: 33124.84)",9044.416299514338,66249.68646995048
2016-07-12,JPM,BUY,"Insufficient capital for even 50% position (available: 9044.42, min required: 33088.87)",9044.416299514338,66177.74237910357
2016-07-15,SPGI,BUY,"Insufficient capital for even 50% position (available: 9044.42, min required: 38108.23)",9044.416299514338,76216.46525012958
2016-08-16,WDAY,BUY,"Insufficient capital for even 50% position (available: 9044.42, min required: 35553.68)",9044.416299514338,71107.36988078314
2016-08-24,PYPL,BUY,"Insufficient capital for even 50% position (available: 9044.42, min required: 46627.65)",9044.416299514338,93255.29257676321
2016-09-20,NEE,BUY,"Insufficient capital for even 50% position (available: 9044.42, min required: 52270.89)",9044.416299514338,104541.77611417016
2016-09-22,GRMN,BUY,"Insufficient capital for even 50% position (available: 9044.42, min required: 39154.96)",9044.416299514338,78309.9126933185
2016-09-22,LLY,BUY,"Insufficient capital for even 50% position (available: 9044.42, min required: 58453.03)",9044.416299514338,116906.06544924219
2016-09-27,PYPL,BUY,"Insufficient capital for even 50% position (available: 9044.42, min required: 37078.24)",9044.416299514338,74156.47700792496
2016-09-29,CAT,BUY,"Insufficient capital for even 50% position (available: 9044.42, min required: 46841.84)",9044.416299514338,93683.68988954696
2016-10-03,XOM,BUY,"Insufficient capital for even 50% position (available: 9044.42, min required: 50774.51)",9044.416299514338,101549.02676060793
2016-10-24,NEE,BUY,"Insufficient capital for even 50% position (available: 9044.42, min required: 53688.48)",9044.416299514338,107376.95888911422
2016-10-26,NVDA,BUY,"Insufficient capital for even 50% position (available: 9044.42, min required: 36026.36)",9044.416299514338,72052.71139482559
2016-12-05,GRMN,BUY,"Insufficient capital for even 50% position (available: 5047.70, min required: 46030.24)",5047.699485201723,92060.4877650308
2016-12-06,NFLX,BUY,"Insufficient capital for even 50% position (available: 5047.70, min required: 29356.23)",5047.699485201723,58712.4661395345
2016-12-06,WDAY,BUY,"Insufficient capital for even 50% position (available: 5047.70, min required: 19860.47)",5047.699485201723,39720.940200641984
2016-12-08,MCK,BUY,"Insufficient capital for even 50% position (available: 5047.70, min required: 28079.67)",5047.699485201723,56159.337600945946
2016-12-16,LLY,BUY,"Insufficient capital for even 50% position (available: 5047.70, min required: 34605.94)",5047.699485201723,69211.88053069773
2016-12-19,NEE,BUY,"Insufficient capital for even 50% position (available: 5047.70, min required: 48648.75)",5047.699485201723,97297.4961733734
2017-01-06,SPGI,BUY,"Insufficient capital for even 50% position (available: 5047.70, min required: 49523.64)",5047.699485201723,99047.2776888307
2017-02-15,MCK,BUY,"Insufficient capital for even 50% position (available: 5047.70, min required: 42737.06)",5047.699485201723,85474.12249117676
2017-04-24,SPGI,BUY,"Insufficient capital for even 50% position (available: 52276.43, min required: 67337.59)",52276.428868992414,134675.1772697427
2017-04-26,AMZN,BUY,"Insufficient capital for even 50% position (available: 52276.43, min required: 72130.62)",52276.428868992414,144261.24282981077
2017-05-12,XOM,BUY,"Insufficient capital for even 50% position (available: 52276.43, min required: 83865.54)",52276.428868992414,167731.07163633703
2017-05-19,AMZN,BUY,"Insufficient capital for even 50% position (available: 52276.43, min required: 64643.88)",52276.428868992414,129287.7648245626
2017-06-12,JPM,BUY,"Insufficient capital for even 50% position (available: 52276.43, min required: 55267.88)",52276.428868992414,110535.764690695
2017-06-12,LLY,BUY,"Insufficient capital for even 50% position (available: 52276.43, min required: 68657.05)",52276.428868992414,137314.1068895025
2017-08-15,WDAY,BUY,"Insufficient capital for even 50% position (available: 5207.24, min required: 35376.43)",5207.242517653998,70752.85689659044
2017-08-23,GRMN,BUY,"Insufficient capital for even 50% position (available: 5207.24, min required: 53096.76)",5207.242517653998,106193.51586318862
2017-08-31,LLY,BUY,"Insufficient capital for even 50% position (available: 5207.24, min required: 64062.61)",5207.242517653998,128125.21665168338
2017-09-07,XOM,BUY,"Insufficient capital for even 50% position (available: 5207.24, min required: 86790.29)",5207.242517653998,173580.57853779718
2017-09-08,MCK,BUY,"Insufficient capital for even 50% position (available: 5207.24, min required: 46162.31)",5207.242517653998,92324.61509064928
2017-09-19,JPM,BUY,"Insufficient capital for even 50% position (available: 5207.24, min required: 67814.56)",5207.242517653998,135629.1218920102
2017-10-11,TMUS,BUY,"Insufficient capital for even 50% position (available: 5207.24, min required: 51780.24)",5207.242517653998,103560.47231907706
2017-10-20,NEE,BUY,"Insufficient capital for even 50% position (available: 5207.24, min required: 94773.10)",5207.242517653998,189546.19534462815
2017-10-23,PYPL,BUY,"Insufficient capital for even 50% position (available: 5207.24, min required: 47861.54)",5207.242517653998,95723.0852620399
2017-11-17,TMUS,BUY,"Insufficient capital for even 50% position (available: 5207.24, min required: 44303.34)",5207.242517653998,88606.68187969261
2017-11-28,AMZN,BUY,"Insufficient capital for even 50% position (available: 5207.24, min required: 68062.38)",5207.242517653998,136124.7562717543
2017-11-29,JPM,BUY,"Insufficient capital for even 50% position (available: 60188.26, min required: 69221.69)",60188.2588555136,138443.37993566346
2017-11-30,XOM,BUY,"Insufficient capital for even 50% position (available: 60188.26, min required: 111297.82)",60188.2588555136,222595.64928804038
2017-12-04,LLY,BUY,"Insufficient capital for even 50% position (available: 60188.26, min required: 77104.64)",60188.2588555136,154209.27452040778
2018-01-04,GRMN,BUY,"Insufficient capital for even 50% position (available: 60188.26, min required: 77901.04)",60188.2588555136,155802.08273973942
2018-04-02,GRMN,BUY,"Insufficient capital for even 50% position (available: 1384.20, min required: 45615.24)",1384.2008270421575,91230.48993909983
2018-04-10,PYPL,BUY,"Insufficient capital for even 50% position (available: 15025.42, min required: 29792.14)",15025.420560717823,59584.28529239977
2018-04-13,XOM,BUY,"Insufficient capital for even 50% position (available: 15025.42, min required: 48448.69)",15025.420560717823,96897.38970877619
2018-04-18,MCK,BUY,"Insufficient capital for even 50% position (available: 15025.42, min required: 41819.08)",15025.420560717823,83638.16991569677
2018-04-25,LLY,BUY,"Insufficient capital for even 50% position (available: 15025.42, min required: 49950.26)",15025.420560717823,99900.51535332357
2018-05-14,CAT,BUY,"Insufficient capital for even 50% position (available: 15025.42, min required: 37392.29)",15025.420560717823,74784.5762578795
2018-05-14,LLY,BUY,"Insufficient capital for even 50% position (available: 15025.42, min required: 57597.42)",15025.420560717823,115194.83639564077
2018-05-29,NEE,BUY,"Insufficient capital for even 50% position (available: 15025.42, min required: 76414.23)",15025.420560717823,152828.4638184782
2018-06-14,GRMN,BUY,"Insufficient capital for even 50% position (available: 15025.42, min required: 89311.32)",15025.420560717823,178622.63808366013
2018-06-14,XOM,BUY,"Insufficient capital for even 50% position (available: 15025.42, min required: 70871.07)",15025.420560717823,141742.13362209813
2018-06-15,MCK,BUY,"Insufficient capital for even 50% position (available: 15025.42, min required: 57836.44)",15025.420560717823,115672.87115275185
2018-06-20,PYPL,BUY,"Insufficient capital for even 50% position (available: 15025.42, min required: 56866.11)",15025.420560717823,113732.22532242391
2018-06-21,WDAY,BUY,"Insufficient capital for even 50% position (available: 15025.42, min required: 39869.88)",15025.420560717823,79739.75409134866
2018-07-17,JPM,BUY,"Insufficient capital for even 50% position (available: 15025.42, min required: 58979.20)",15025.420560717823,117958.39595644016
2018-08-20,GRMN,BUY,"Insufficient capital for even 50% position (available: 65812.05, min required: 71939.31)",65812.05487824953,143878.6103218345
2018-08-21,SPGI,BUY,"Insufficient capital for even 50% position (available: 4805.44, min required: 90150.54)",4805.4384036047995,180301.0856256519
2018-08-22,NVDA,BUY,"Insufficient capital for even 50% position (available: 4805.44, min required: 42242.04)",4805.4384036047995,84484.07689505842
2018-08-29,XOM,BUY,"Insufficient capital for even 50% position (available: 4805.44, min required: 95507.67)",4805.4384036047995,191015.3450978768
2018-08-31,CAT,BUY,"Insufficient capital for even 50% position (available: 4805.44, min required: 57480.21)",4805.4384036047995,114960.41359457372
2018-09-20,JPM,BUY,"Insufficient capital for even 50% position (available: 4805.44, min required: 92365.19)",4805.4384036047995,184730.3748964731
2018-10-10,NEE,BUY,"Insufficient capital for even 50% position (available: 70202.68, min required: 77284.15)",70202.67838275357,154568.29865711532
2018-11-20,LLY,BUY,"Insufficient capital for even 50% position (available: 25298.52, min required: 48273.85)",25298.51854712506,96547.6923305404
2018-12-03,CAT,BUY,"Insufficient capital for even 50% position (available: 25298.52, min required: 42411.47)",25298.51854712506,84822.93877854238
2019-01-08,SPGI,BUY,"Insufficient capital for even 50% position (available: 25298.52, min required: 54001.54)",25298.51854712506,108003.0878250116
2019-01-09,JPM,BUY,"Insufficient capital for even 50% position (available: 25298.52, min required: 52515.48)",25298.51854712506,105030.9598185154
2019-01-09,LLY,BUY,"Insufficient capital for even 50% position (available: 25298.52, min required: 55856.22)",25298.51854712506,111712.44962900972
2019-01-11,CAT,BUY,"Insufficient capital for even 50% position (available: 25298.52, min required: 40592.14)",25298.51854712506,81184.27280587584
2019-01-11,MCK,BUY,"Insufficient capital for even 50% position (available: 25298.52, min required: 48470.37)",25298.51854712506,96940.73330838485
2019-01-23,AMZN,BUY,"Insufficient capital for even 50% position (available: 25298.52, min required: 41405.10)",25298.51854712506,82810.20558798764
2019-01-25,GRMN,BUY,"Insufficient capital for even 50% position (available: 25298.52, min required: 80160.71)",25298.51854712506,160321.42823583246
2019-01-31,NFLX,BUY,"Insufficient capital for even 50% position (available: 25298.52, min required: 37964.92)",25298.51854712506,75929.83199089719
2019-01-31,XOM,BUY,"Insufficient capital for even 50% position (available: 25298.52, min required: 75974.75)",25298.51854712506,151949.50347420404
2019-02-08,NEE,BUY,"Insufficient capital for even 50% position (available: 25298.52, min required: 92161.86)",25298.51854712506,184323.72204414074
2019-04-02,CAT,BUY,"Insufficient capital for even 50% position (available: 25298.52, min required: 80474.28)",25298.51854712506,160948.56910924238
2019-04-02,JPM,BUY,"Insufficient capital for even 50% position (available: 25298.52, min required: 93497.28)",25298.51854712506,186994.55177803128
2019-04-03,GRMN,BUY,"Insufficient capital for even 50% position (available: 25298.52, min required: 108362.04)",25298.51854712506,216724.08036800651
2019-04-03,NVDA,BUY,"Insufficient capital for even 50% position (available: 25298.52, min required: 49659.10)",25298.51854712506,99318.19860889605
2019-04-25,AMZN,BUY,"Insufficient capital for even 50% position (available: 25298.52, min required: 114168.04)",25298.51854712506,228336.0804022862
2019-05-01,TMUS,BUY,"Insufficient capital for even 50% position (available: 25298.52, min required: 95557.80)",25298.51854712506,191115.5950014494
2019-05-03,MCK,BUY,"Insufficient capital for even 50% position (available: 25298.52, min required: 73433.85)",25298.51854712506,146867.702998625
2019-05-31,TMUS,BUY,"Insufficient capital for even 50% position (available: 25298.52, min required: 68250.92)",25298.51854712506,136501.8394475248
2019-06-17,XOM,BUY,"Insufficient capital for even 50% position (available: 94737.24, min required: 108193.48)",94737.24135892806,216386.95274886387
2019-07-03,JPM,BUY,"Insufficient capital for even 50% position (available: 94737.24, min required: 96550.02)",94737.24135892806,193100.03720189733
2019-11-14,AMZN,BUY,"Insufficient capital for even 50% position (available: 94737.24, min required: 110358.38)",94737.24135892806,220716.76589402763
2019-11-26,NEE,BUY,"Insufficient capital for even 50% position (available: 94737.24, min required: 110217.28)",94737.24135892806,220434.56757810444
2019-12-26,TMUS,BUY,"Insufficient capital for even 50% position (available: 94737.24, min required: 115118.36)",94737.24135892806,230236.71774268558
2019-12-26,XOM,BUY,"Insufficient capital for even 50% position (available: 94737.24, min required: 115247.34)",94737.24135892806,230494.68745963828
2020-02-11,JPM,BUY,"Insufficient capital for even 50% position (available: 94737.24, min required: 105622.93)",94737.24135892806,211245.85870704314
2020-04-08,XOM,BUY,"Insufficient capital for even 50% position (available: 3313.25, min required: 25348.03)",3313.2531846474885,50696.057820173024
2020-04-09,SPGI,BUY,"Insufficient capital for even 50% position (available: 3313.25, min required: 32155.14)",3313.2531846474885,64310.281561954296
2020-05-21,AMZN,BUY,"Insufficient capital for even 50% position (available: 29078.20, min required: 61130.35)",29078.201753695263,122260.70558339631
2020-05-21,CAT,BUY,"Insufficient capital for even 50% position (available: 29078.20, min required: 40125.26)",29078.201753695263,80250.52811034123
2020-05-21,MCK,BUY,"Insufficient capital for even 50% position (available: 29078.20, min required: 39829.57)",29078.201753695263,79659.14526344727
2020-05-27,JPM,BUY,"Insufficient capital for even 50% position (available: 29078.20, min required: 40943.47)",29078.201753695263,81886.9418161975
2020-06-04,GRMN,BUY,"Insufficient capital for even 50% position (available: 29078.20, min required: 62573.80)",29078.201753695263,125147.59200515252
2020-06-19,TMUS,BUY,"Insufficient capital for even 50% position (available: 29078.20, min required: 56346.41)",29078.201753695263,112692.81664095283
2020-07-09,PYPL,BUY,"Insufficient capital for even 50% position (available: 29078.20, min required: 66705.44)",29078.201753695263,133410.8835860987
2020-07-13,NEE,BUY,"Insufficient capital for even 50% position (available: 29078.20, min required: 69170.70)",29078.201753695263,138341.39920114222
2020-07-15,CAT,BUY,"Insufficient capital for even 50% position (available: 29078.20, min required: 61484.47)",29078.201753695263,122968.93924135205
2020-07-17,MCK,BUY,"Insufficient capital for even 50% position (available: 29078.20, min required: 61490.65)",29078.201753695263,122981.29728981521
2020-07-28,NFLX,BUY,"Insufficient capital for even 50% position (available: 29078.20, min required: 42812.29)",29078.201753695263,85624.5892757661
2020-09-18,NVDA,BUY,"Insufficient capital for even 50% position (available: 24323.47, min required: 31899.78)",24323.466047401365,63799.566093698624
2020-10-08,JPM,BUY,"Insufficient capital for even 50% position (available: 24323.47, min required: 75141.94)",24323.466047401365,150283.87562232438
2020-11-11,AMZN,BUY,"Insufficient capital for even 50% position (available: 17743.23, min required: 47060.59)",17743.231961941477,94121.18350844191
2020-11-11,NFLX,BUY,"Insufficient capital for even 50% position (available: 17743.23, min required: 43654.42)",17743.231961941477,87308.8464012883
2020-11-13,NVDA,BUY,"Insufficient capital for even 50% position (available: 17743.23, min required: 40166.23)",17743.231961941477,80332.46366912365
2020-11-13,PYPL,BUY,"Insufficient capital for even 50% position (available: 17743.23, min required: 39294.62)",17743.231961941477,78589.23277064449
2020-11-13,TMUS,BUY,"Insufficient capital for even 50% position (available: 17743.23, min required: 67660.34)",17743.231961941477,135320.67094252366
2020-11-18,WDAY,BUY,"Insufficient capital for even 50% position (available: 17743.23, min required: 50043.31)",17743.231961941477,100086.61121132791
2020-11-20,LLY,BUY,"Insufficient capital for even 50% position (available: 17743.23, min required: 59146.89)",17743.231961941477,118293.78685289531
2021-01-04,NVDA,BUY,"Insufficient capital for even 50% position (available: 17743.23, min required: 76671.89)",17743.231961941477,153343.77133825468
2021-01-04,SPGI,BUY,"Insufficient capital for even 50% position (available: 17743.23, min required: 100819.95)",17743.231961941477,201639.9034705197
2021-01-07,MCK,BUY,"Insufficient capital for even 50% position (available: 17743.23, min required: 95782.54)",17743.231961941477,191565.07194642373
2021-01-07,PYPL,BUY,"Insufficient capital for even 50% position (available: 17743.23, min required: 72954.61)",17743.231961941477,145909.22244835028
2021-01-21,AMZN,BUY,"Insufficient capital for even 50% position (available: 17743.23, min required: 104623.33)",17743.231961941477,209246.6677905411
2021-02-02,NFLX,BUY,"Insufficient capital for even 50% position (available: 17743.23, min required: 58583.96)",17743.231961941477,117167.91134954884
2021-02-02,WDAY,BUY,"Insufficient capital for even 50% position (available: 17743.23, min required: 60799.10)",17743.231961941477,121598.20412654117
2021-02-03,SPGI,BUY,"Insufficient capital for even 50% position (available: 17743.23, min required: 85120.49)",17743.231961941477,170240.98979412005
2021-02-23,JPM,BUY,"Insufficient capital for even 50% position (available: 17743.23, min required: 137013.03)",17743.231961941477,274026.05957140325
2021-03-12,MCK,BUY,"Insufficient capital for even 50% position (available: 17743.23, min required: 118999.74)",17743.231961941477,237999.4729562179
2021-03-17,NVDA,BUY,"Insufficient capital for even 50% position (available: 17743.23, min required: 63867.66)",17743.231961941477,127735.32723231515
2021-04-01,NFLX,BUY,"Insufficient capital for even 50% position (available: 17743.23, min required: 87986.44)",17743.231961941477,175972.8879278932
2021-04-07,NEE,BUY,"Insufficient capital for even 50% position (available: 17743.23, min required: 115035.46)",17743.231961941477,230070.92254334124
2021-04-13,PYPL,BUY,"Insufficient capital for even 50% position (available: 17743.23, min required: 82050.20)",17743.231961941477,164100.40051559295
2021-04-15,WDAY,BUY,"Insufficient capital for even 50% position (available: 17743.23, min required: 81247.37)",17743.231961941477,162494.73025606538
2021-04-19,AMZN,BUY,"Insufficient capital for even 50% position (available: 17743.23, min required: 133649.43)",17743.231961941477,267298.86283863144
2021-04-22,LLY,BUY,"Insufficient capital for even 50% position (available: 17743.23, min required: 134113.07)",17743.231961941477,268226.1441922272
2021-05-13,LLY,BUY,"Insufficient capital for even 50% position (available: 17743.23, min required: 154204.91)",17743.231961941477,308409.81039688684
2021-06-01,AMZN,BUY,"Insufficient capital for even 50% position (available: 17743.23, min required: 151539.73)",17743.231961941477,303079.4573690016
2021-06-01,NVDA,BUY,"Insufficient capital for even 50% position (available: 17743.23, min required: 93096.80)",17743.231961941477,186193.60338811288
2021-06-01,WDAY,BUY,"Insufficient capital for even 50% position (available: 17743.23, min required: 91049.13)",17743.231961941477,182098.25537921864
2021-06-04,GRMN,BUY,"Insufficient capital for even 50% position (available: 17743.23, min required: 183566.53)",17743.231961941477,367133.0644826075
2021-06-09,SPGI,BUY,"Insufficient capital for even 50% position (available: 17743.23, min required: 194691.46)",17743.231961941477,389382.91601862106
2021-07-02,JPM,BUY,"Insufficient capital for even 50% position (available: 17743.23, min required: 172890.17)",17743.231961941477,345780.34919361596
2021-07-07,NEE,BUY,"Insufficient capital for even 50% position (available: 173435.40, min required: 174611.82)",173435.39663608046,349223.6357185155
2021-07-29,TMUS,BUY,"Insufficient capital for even 50% position (available: 173435.40, min required: 189519.49)",173435.39663608046,379038.98129943886
2021-08-11,GRMN,BUY,"Insufficient capital for even 50% position (available: 173435.40, min required: 205235.01)",173435.39663608046,410470.02899552055
2021-10-28,NVDA,BUY,"Insufficient capital for even 50% position (available: 17767.00, min required: 104767.99)",17767.00139730191,209535.98024788045
2021-11-01,NFLX,BUY,"Insufficient capital for even 50% position (available: 17767.00, min required: 121553.87)",17767.00139730191,243107.73158184646
2022-03-03,LLY,BUY,"Insufficient capital for even 50% position (available: 73960.88, min required: 103729.29)",73960.8782067382,207458.58163505563
2022-03-04,NEE,BUY,"Insufficient capital for even 50% position (available: 73960.88, min required: 93533.40)",73960.8782067382,187066.8026996052
2022-03-08,CAT,BUY,"Insufficient capital for even 50% position (available: 36300.76, min required: 73419.47)",36300.75848531586,146838.93746041678
2022-03-10,WDAY,BUY,"Insufficient capital for even 50% position (available: 36300.76, min required: 51575.02)",36300.75848531586,103150.03565156944
2022-03-14,NFLX,BUY,"Insufficient capital for even 50% position (available: 36300.76, min required: 43385.16)",36300.75848531586,86770.32854514002
2022-03-22,PYPL,BUY,"Insufficient capital for even 50% position (available: 36300.76, min required: 52955.98)",36300.75848531586,105911.95993645748
2022-03-24,SPGI,BUY,"Insufficient capital for even 50% position (available: 36300.76, min required: 94162.76)",36300.75848531586,188325.51023663132
2022-06-14,TMUS,BUY,"Insufficient capital for even 50% position (available: 22373.24, min required: 80809.95)",22373.241400002327,161619.8905628746
2022-06-27,SPGI,BUY,"Insufficient capital for even 50% position (available: 22373.24, min required: 91167.24)",22373.241400002327,182334.48114127142
2022-06-28,WDAY,BUY,"Insufficient capital for even 50% position (available: 22373.24, min required: 49683.12)",22373.241400002327,99366.24425774164
2022-07-01,NEE,BUY,"Insufficient capital for even 50% position (available: 22373.24, min required: 85171.84)",22373.241400002327,170343.67480058564
2022-07-01,PYPL,BUY,"Insufficient capital for even 50% position (available: 22373.24, min required: 45709.58)",22373.241400002327,91419.15612490849
2022-07-11,MCK,BUY,"Insufficient capital for even 50% position (available: 22373.24, min required: 94331.10)",22373.241400002327,188662.20192676675
2022-08-01,CAT,BUY,"Insufficient capital for even 50% position (available: 77116.16, min required: 92995.99)",77116.1559295177,185991.9851316693
2022-08-02,XOM,BUY,"Insufficient capital for even 50% position (available: 77116.16, min required: 85274.53)",77116.1559295177,170549.05196432353
2022-08-12,JPM,BUY,"Insufficient capital for even 50% position (available: 77116.16, min required: 128118.48)",77116.1559295177,256236.95067544864
2022-08-15,PYPL,BUY,"Insufficient capital for even 50% position (available: 77116.16, min required: 77578.68)",77116.1559295177,155157.36200358727
2022-08-26,TMUS,BUY,"Insufficient capital for even 50% position (available: 77116.16, min required: 136866.50)",77116.1559295177,273733.0086878517
2022-09-01,NFLX,BUY,"Insufficient capital for even 50% position (available: 8624.29, min required: 65924.50)",8624.294437828707,131849.00584173008
2022-09-12,JPM,BUY,"Insufficient capital for even 50% position (available: 8624.29, min required: 129443.71)",8624.294437828707,258887.4211956945
2022-09-12,NEE,BUY,"Insufficient capital for even 50% position (available: 8624.29, min required: 154318.27)",8624.294437828707,308636.54843004205
2022-10-24,MCK,BUY,"Insufficient capital for even 50% position (available: 896.00, min required: 119904.82)",896.0014689097588,239809.64660747393
2022-10-28,AMZN,BUY,"Insufficient capital for even 50% position (available: 896.00, min required: 53112.76)",896.0014689097588,106225.52925202326
2022-10-28,SPGI,BUY,"Insufficient capital for even 50% position (available: 896.00, min required: 91759.02)",896.0014689097588,183518.03253836508
2022-11-01,NFLX,BUY,"Insufficient capital for even 50% position (available: 896.00, min required: 59187.84)",896.0014689097588,118375.67077809008
2022-11-08,GRMN,BUY,"Insufficient capital for even 50% position (available: 896.00, min required: 111788.30)",896.0014689097588,223576.5980186929
2022-11-09,HOOD,BUY,"Insufficient capital for even 50% position (available: 896.00, min required: 27857.91)",896.0014689097588,55715.820586775415
2022-11-10,NEE,BUY,"Insufficient capital for even 50% position (available: 896.00, min required: 99830.77)",896.0014689097588,199661.54630592157
2022-11-11,TMUS,BUY,"Insufficient capital for even 50% position (available: 896.00, min required: 128533.19)",896.0014689097588,257066.386609313
2022-12-13,GRMN,BUY,"Insufficient capital for even 50% position (available: 896.00, min required: 149185.14)",896.0014689097588,298370.2890412331
2022-12-27,NFLX,BUY,"Insufficient capital for even 50% position (available: 896.00, min required: 69134.75)",896.0014689097588,138269.50258101942
2023-01-05,WDAY,BUY,"Insufficient capital for even 50% position (available: 896.00, min required: 76094.90)",896.0014689097588,152189.80324068814
2023-01-09,MCK,BUY,"Insufficient capital for even 50% position (available: 896.00, min required: 155176.12)",896.0014689097588,310352.23614138097
2023-01-09,SPGI,BUY,"Insufficient capital for even 50% position (available: 896.00, min required: 125016.68)",896.0014689097588,250033.355392276
2023-01-19,HOOD,BUY,"Insufficient capital for even 50% position (available: 896.00, min required: 60239.22)",896.0014689097588,120478.43485344654
2023-01-19,XOM,BUY,"Insufficient capital for even 50% position (available: 896.00, min required: 122327.31)",896.0014689097588,244654.61564740588
2023-02-02,PYPL,BUY,"Insufficient capital for even 50% position (available: 896.00, min required: 90618.26)",896.0014689097588,181236.51597489804
2023-02-07,TMUS,BUY,"Insufficient capital for even 50% position (available: 896.00, min required: 143314.97)",896.0014689097588,286629.93998947955
2023-04-21,TMUS,BUY,"Insufficient capital for even 50% position (available: 177368.25, min required: 208445.32)",177368.25158071233,416890.64961757296
2023-06-14,GRMN,BUY,"Insufficient capital for even 50% position (available: 177368.25, min required: 182217.64)",177368.25158071233,364435.2822938204
2023-06-21,WDAY,BUY,"Insufficient capital for even 50% position (available: 11585.30, min required: 104112.42)",11585.295091883483,208224.84918886964
2023-07-03,XOM,BUY,"Insufficient capital for even 50% position (available: 11585.30, min required: 148179.56)",11585.295091883483,296359.11783858546
2023-07-17,HOOD,BUY,"Insufficient capital for even 50% position (available: 11585.30, min required: 80133.40)",11585.295091883483,160266.8077044579
2023-07-24,NEE,BUY,"Insufficient capital for even 50% position (available: 11585.30, min required: 162704.64)",11585.295091883483,325409.2778463779
2023-08-04,XOM,BUY,"Insufficient capital for even 50% position (available: 11585.30, min required: 149832.41)",11585.295091883483,299664.8113693503
2023-08-31,PYPL,BUY,"Insufficient capital for even 50% position (available: 24144.89, min required: 114271.12)",24144.89175409742,228542.2489854814
2023-09-07,AMZN,BUY,"Insufficient capital for even 50% position (available: 24144.89, min required: 127972.22)",24144.89175409742,255944.43381744335
2023-09-14,NEE,BUY,"Insufficient capital for even 50% position (available: 24144.89, min required: 188582.36)",24144.89175409742,377164.72043521656
2023-09-19,MCK,BUY,"Insufficient capital for even 50% position (available: 169456.92, min required: 179981.23)",169456.92303633856,359962.4605982112
2023-09-29,GRMN,BUY,"Insufficient capital for even 50% position (available: 169456.92, min required: 189160.54)",169456.92303633856,378321.0865729637
2023-11-03,SPGI,BUY,"Insufficient capital for even 50% position (available: 11535.00, min required: 126757.37)",11535.000691736175,253514.7454485027
2023-11-08,JPM,BUY,"Insufficient capital for even 50% position (available: 11535.00, min required: 176596.11)",11535.000691736175,353192.22775678494
2023-11-15,CAT,BUY,"Insufficient capital for even 50% position (available: 11535.00, min required: 108821.80)",11535.000691736175,217643.5937537233
2023-11-24,LLY,BUY,"Insufficient capital for even 50% position (available: 11535.00, min required: 97632.96)",11535.000691736175,195265.92814962842
2023-12-07,PYPL,BUY,"Insufficient capital for even 50% position (available: 11535.00, min required: 100754.67)",11535.000691736175,201509.34084998237
2023-12-11,TMUS,BUY,"Insufficient capital for even 50% position (available: 11535.00, min required: 219947.00)",11535.000691736175,439893.9981934218
2023-12-14,AMZN,BUY,"Insufficient capital for even 50% position (available: 11535.00, min required: 135801.54)",11535.000691736175,271603.0835312822
2023-12-29,HOOD,BUY,"Insufficient capital for even 50% position (available: 11535.00, min required: 68802.60)",11535.000691736175,137605.20978530284
2024-01-02,WDAY,BUY,"Insufficient capital for even 50% position (available: 11535.00, min required: 146923.43)",11535.000691736175,293846.8619938943
2024-01-08,MCK,BUY,"Insufficient capital for even 50% position (available: 11535.00, min required: 177624.51)",11535.000691736175,355249.017239548
2024-03-28,NVDA,BUY,"Insufficient capital for even 50% position (available: 42024.98, min required: 69779.33)",42024.976904527415,139558.65027712926
2024-04-01,GRMN,BUY,"Insufficient capital for even 50% position (available: 42024.98, min required: 206788.40)",42024.976904527415,413576.79015337274
2024-04-08,SPGI,BUY,"Insufficient capital for even 50% position (available: 161761.27, min required: 195441.80)",161761.26642500446,390883.60757165443
2024-05-09,SPGI,BUY,"Insufficient capital for even 50% position (available: 34973.20, min required: 170457.02)",34973.19761928264,340914.0424859002
2024-05-15,CAT,BUY,"Insufficient capital for even 50% position (available: 34973.20, min required: 126405.31)",34973.19761928264,252810.62065958444
2024-05-23,LLY,BUY,"Insufficient capital for even 50% position (available: 34973.20, min required: 129373.41)",34973.19761928264,258746.81480242184
2024-06-11,AMZN,BUY,"Insufficient capital for even 50% position (available: 34973.20, min required: 175739.38)",34973.19761928264,351478.76218286285
2024-06-20,HOOD,BUY,"Insufficient capital for even 50% position (available: 34973.20, min required: 67239.05)",34973.19761928264,134478.09070146276
2024-06-20,WDAY,BUY,"Insufficient capital for even 50% position (available: 34973.20, min required: 129746.07)",34973.19761928264,259492.1322129474
2024-06-24,SPGI,BUY,"Insufficient capital for even 50% position (available: 34973.20, min required: 231900.97)",34973.19761928264,463801.9325998769
2024-06-27,XOM,BUY,"Insufficient capital for even 50% position (available: 34973.20, min required: 191444.89)",34973.19761928264,382889.789668278
2024-07-02,JPM,BUY,"Insufficient capital for even 50% position (available: 34973.20, min required: 202663.43)",34973.19761928264,405326.86033067224
2024-07-15,CAT,BUY,"Insufficient capital for even 50% position (available: 34973.20, min required: 180032.64)",34973.19761928264,360065.28909147443
2024-07-18,AMZN,BUY,"Insufficient capital for even 50% position (available: 34973.20, min required: 134204.05)",34973.19761928264,268408.0985326321
2024-07-30,MCK,BUY,"Insufficient capital for even 50% position (available: 192191.64, min required: 221129.56)",192191.63877199162,442259.1181730271
2024-08-15,JPM,BUY,"Insufficient capital for even 50% position (available: 31284.44, min required: 151642.81)",31284.442819777294,303285.61864007317
2024-08-15,NVDA,BUY,"Insufficient capital for even 50% position (available: 31284.44, min required: 55924.14)",31284.442819777294,111848.28985224513
2024-08-19,CAT,BUY,"Insufficient capital for even 50% position (available: 31284.44, min required: 125660.79)",31284.442819777294,251321.58392838622
2024-08-19,NEE,BUY,"Insufficient capital for even 50% position (available: 31284.44, min required: 154617.72)",31284.442819777294,309235.44926049263
2024-08-29,NFLX,BUY,"Insufficient capital for even 50% position (available: 31284.44, min required: 133590.16)",31284.442819777294,267180.31913557864
2024-09-04,GRMN,BUY,"Insufficient capital for even 50% position (available: 31284.44, min required: 191640.45)",31284.442819777294,383280.8926417134
2024-09-05,WDAY,BUY,"Insufficient capital for even 50% position (available: 31284.44, min required: 122771.81)",31284.442819777294,245543.62462886333
2024-09-06,TMUS,BUY,"Insufficient capital for even 50% position (available: 31284.44, min required: 181744.19)",31284.442819777294,363488.38121402886
2024-09-24,NVDA,BUY,"Insufficient capital for even 50% position (available: 31284.44, min required: 70673.54)",31284.442819777294,141347.07298489744
2024-09-24,XOM,BUY,"Insufficient capital for even 50% position (available: 31284.44, min required: 164420.66)",31284.442819777294,328841.3278063252
2024-12-05,WDAY,BUY,"Insufficient capital for even 50% position (available: 70426.64, min required: 97918.35)",70426.63526416496,195836.70564892786
2024-12-06,LLY,BUY,"Insufficient capital for even 50% position (available: 70426.64, min required: 121516.87)",70426.63526416496,243033.74130775104
2024-12-09,NVDA,BUY,"Insufficient capital for even 50% position (available: 70426.64, min required: 94074.79)",70426.63526416496,188149.5820860787
2024-12-09,PYPL,BUY,"Insufficient capital for even 50% position (available: 70426.64, min required: 132543.80)",70426.63526416496,265087.6082450482
2024-12-17,AMZN,BUY,"Insufficient capital for even 50% position (available: 70426.64, min required: 152343.96)",70426.63526416496,304687.91914352746
2024-12-23,GRMN,BUY,"Insufficient capital for even 50% position (available: 70426.64, min required: 156767.03)",70426.63526416496,313534.06600109156
2025-01-16,CAT,BUY,"Insufficient capital for even 50% position (available: 70426.64, min required: 169850.21)",70426.63526416496,339700.42835801776
2025-01-16,JPM,BUY,"Insufficient capital for even 50% position (available: 70426.64, min required: 185695.26)",70426.63526416496,371390.5299685262
2025-01-16,XOM,BUY,"Insufficient capital for even 50% position (available: 70426.64, min required: 188851.70)",70426.63526416496,377703.39879833447
2025-01-17,SPGI,BUY,"Insufficient capital for even 50% position (available: 70426.64, min required: 217787.33)",70426.63526416496,435574.6636539645
2025-01-27,MCK,BUY,"Insufficient capital for even 50% position (available: 70426.64, min required: 180518.04)",70426.63526416496,361036.08759762126
2025-01-30,LLY,BUY,"Insufficient capital for even 50% position (available: 70426.64, min required: 145939.96)",70426.63526416496,291879.9107327038
2025-02-06,TMUS,BUY,"Insufficient capital for even 50% position (available: 70426.64, min required: 179870.70)",70426.63526416496,359741.4042548676
2025-04-02,GRMN,BUY,"Insufficient capital for even 50% position (available: 3252.88, min required: 117711.36)",3252.8793328806933,235422.72081088307
2025-04-02,SPGI,BUY,"Insufficient capital for even 50% position (available: 3252.88, min required: 168585.97)",3252.8793328806933,337171.94307242753
2025-04-02,WDAY,BUY,"Insufficient capital for even 50% position (available: 3252.88, min required: 102117.36)",3252.8793328806933,204234.71627341904
2025-04-24,LLY,BUY,"Insufficient capital for even 50% position (available: 42458.77, min required: 76630.04)",42458.76753976624,153260.07539705138
2025-04-25,JPM,BUY,"Insufficient capital for even 50% position (available: 42458.77, min required: 91729.48)",42458.76753976624,183458.96567818525
2025-05-02,SPGI,BUY,"Insufficient capital for even 50% position (available: 42458.77, min required: 114385.59)",42458.76753976624,228771.185337959
2025-05-13,CAT,BUY,"Insufficient capital for even 50% position (available: 42458.77, min required: 117144.64)",42458.76753976624,234289.28680248727
2025-05-14,NVDA,BUY,"Insufficient capital for even 50% position (available: 42458.77, min required: 87385.41)",42458.76753976624,174770.81992191626
2025-05-15,NEE,BUY,"Insufficient capital for even 50% position (available: 42458.77, min required: 125560.03)",42458.76753976624,251120.06160978542
2025-06-11,XOM,BUY,"Insufficient capital for even 50% position (available: 42458.77, min required: 177719.68)",42458.76753976624,355439.3639830277
2025-06-20,LLY,BUY,"Insufficient capital for even 50% position (available: 42458.77, min required: 129693.62)",42458.76753976624,259387.24435323878
2025-06-30,TMUS,BUY,"Insufficient capital for even 50% position (available: 42458.77, min required: 188391.69)",42458.76753976624,376783.378395229
2025-07-17,HOOD,BUY,"Insufficient capital for even 50% position (available: 42458.77, min required: 83025.50)",42458.76753976624,166050.9978545863
2025-07-18,GRMN,BUY,"Insufficient capital for even 50% position (available: 42458.77, min required: 221112.57)",42458.76753976624,442225.13374176685
2025-08-25,XOM,BUY,"Insufficient capital for even 50% position (available: 219052.49, min required: 222145.86)",219052.48735952142,444291.71735475236
